{
  "data_type": "measured",
  "timestamp": "20260119_194345",
  "feature_count": 42,
  "features": [
    "mixing_entropy",
    "mixing_enthalpy",
    "valence_electron",
    "diff_in_atomic_radii",
    "diff_electronegativity",
    "omega",
    "lambda",
    "mean_atomic_radius",
    "std_atomic_radius",
    "max_atomic_radius",
    "min_atomic_radius",
    "delta_r",
    "radius_range_ratio",
    "mean_electronegativity",
    "std_electronegativity",
    "delta_chi",
    "vec",
    "mixing_entropy_calc",
    "mean_atomic_mass",
    "std_atomic_mass",
    "estimated_density",
    "num_elements",
    "comp_Ti",
    "comp_Zr",
    "comp_Hf",
    "comp_Nb",
    "comp_Ta",
    "comp_V",
    "comp_Cr",
    "comp_Mo",
    "comp_W",
    "comp_Fe",
    "comp_Co",
    "comp_Ni",
    "comp_Cu",
    "comp_Al",
    "comp_Mn",
    "comp_Si",
    "comp_Sn",
    "comp_Re",
    "comp_Ru",
    "comp_Pd"
  ],
  "models": {
    "LIN": {
      "test_r2": -1.1157122269933515,
      "test_rmse": 126.68480638975674,
      "test_mae": 75.56756250253397,
      "train_r2": 0.4964857795810187,
      "train_rmse": 50.37475364992844,
      "train_mae": 35.20517702218912,
      "cv_r2_mean": -289344.9757057514,
      "cv_r2_std": 578662.755173809
    },
    "L": {
      "test_r2": 0.3318240677464098,
      "test_rmse": 71.19371377305302,
      "test_mae": 44.403945269224124,
      "train_r2": 0.4343033553250494,
      "train_rmse": 53.394787989448034,
      "train_mae": 35.58225770372338,
      "cv_r2_mean": -0.2326106989029037,
      "cv_r2_std": 0.613996799393387
    },
    "R": {
      "test_r2": 0.15454004958383505,
      "test_rmse": 80.08344625321473,
      "test_mae": 47.24530614920359,
      "train_r2": 0.33207667020022014,
      "train_rmse": 58.01901769432437,
      "train_mae": 38.08377972774324,
      "cv_r2_mean": -0.19057167430498825,
      "cv_r2_std": 0.47405424149696945
    },
    "RF": {
      "test_r2": 0.33424080791528266,
      "test_rmse": 71.0648460898211,
      "test_mae": 49.27750809719702,
      "train_r2": 0.7807834965823913,
      "train_rmse": 33.23867385923498,
      "train_mae": 20.451774643224905,
      "cv_r2_mean": 0.015035550952575406,
      "cv_r2_std": 0.21465848668951798,
      "feature_importance": {
        "mixing_entropy": 0.028197151717335837,
        "mixing_enthalpy": 0.10623626788138647,
        "valence_electron": 0.03476193629994842,
        "diff_in_atomic_radii": 0.08857955616086201,
        "diff_electronegativity": 0.05850838912172073,
        "omega": 0.01984361676237703,
        "lambda": 0.03724262864367227,
        "mean_atomic_radius": 0.019012571535884308,
        "std_atomic_radius": 0.025716646638041244,
        "max_atomic_radius": 0.010852485158332075,
        "min_atomic_radius": 0.017332279578526143,
        "delta_r": 0.016676989243899737,
        "radius_range_ratio": 0.02398603434809172,
        "mean_electronegativity": 0.03631179545939646,
        "std_electronegativity": 0.01349688449682704,
        "delta_chi": 0.016958299964068134,
        "vec": 0.021476468076513,
        "mixing_entropy_calc": 0.005975769645267584,
        "mean_atomic_mass": 0.02149273951471475,
        "std_atomic_mass": 0.06865738896998319,
        "estimated_density": 0.05927068006575227,
        "num_elements": 0.011456807024678667,
        "comp_Ti": 0.0025576978946733435,
        "comp_Zr": 0.0002937999932901281,
        "comp_Hf": 0.0,
        "comp_Nb": 0.027937859912237014,
        "comp_Ta": 0.0011971619429361601,
        "comp_V": 0.10338655985114376,
        "comp_Cr": 0.018992201497725656,
        "comp_Mo": 0.0010472670738530033,
        "comp_W": 0.0005797572877602132,
        "comp_Fe": 0.008710216312286006,
        "comp_Co": 0.03252351639458788,
        "comp_Ni": 0.018585508064460167,
        "comp_Cu": 0.012330117757719519,
        "comp_Al": 0.023593764540713442,
        "comp_Mn": 0.006218685784475957,
        "comp_Si": 0.0,
        "comp_Sn": 2.4993848586620173e-06,
        "comp_Re": 0.0,
        "comp_Ru": 0.0,
        "comp_Pd": 0.0
      }
    },
    "GB": {
      "test_r2": 0.6991594585647875,
      "test_rmse": 47.77100905712594,
      "test_mae": 32.57519889784926,
      "train_r2": 0.9998126265885944,
      "train_rmse": 0.9717645388078641,
      "train_mae": 0.18765074954360164,
      "cv_r2_mean": -0.5796553490486955,
      "cv_r2_std": 0.8638904842676128,
      "feature_importance": {
        "mixing_entropy": 0.02069416047329395,
        "mixing_enthalpy": 0.03203455023204815,
        "valence_electron": 0.019306003476057994,
        "diff_in_atomic_radii": 0.12378368570164607,
        "diff_electronegativity": 0.08768564989027003,
        "omega": 0.015825878770854136,
        "lambda": 0.044588105857864414,
        "mean_atomic_radius": 0.007242843108605953,
        "std_atomic_radius": 0.014312593375178184,
        "max_atomic_radius": 0.004707036518207714,
        "min_atomic_radius": 0.015276960224506041,
        "delta_r": 0.018868690985559603,
        "radius_range_ratio": 0.03858162151527934,
        "mean_electronegativity": 0.017431252380562454,
        "std_electronegativity": 0.017507439289806928,
        "delta_chi": 0.01024575157149645,
        "vec": 0.02788648777920985,
        "mixing_entropy_calc": 0.012864913535198419,
        "mean_atomic_mass": 0.007009623605488129,
        "std_atomic_mass": 0.03764992428599058,
        "estimated_density": 0.10835394376333458,
        "num_elements": 0.00016293355490491464,
        "comp_Ti": 0.0036096799192110725,
        "comp_Zr": 7.829609638088461e-05,
        "comp_Hf": 2.6437970598675985e-06,
        "comp_Nb": 0.015656724559047493,
        "comp_Ta": 0.0004165697049334655,
        "comp_V": 0.1376854444036361,
        "comp_Cr": 0.00684868082787576,
        "comp_Mo": 0.00020404769932094963,
        "comp_W": 9.779551026434809e-05,
        "comp_Fe": 0.0035943323027868655,
        "comp_Co": 0.03583945202055673,
        "comp_Ni": 0.00394417277057977,
        "comp_Cu": 0.013497024796030573,
        "comp_Al": 0.0963362232605031,
        "comp_Mn": 0.00016886243644911967,
        "comp_Si": 0.0,
        "comp_Sn": 0.0,
        "comp_Re": 0.0,
        "comp_Ru": 0.0,
        "comp_Pd": 0.0
      }
    },
    "SVR": {
      "test_r2": -0.054850889902511746,
      "test_rmse": 89.45235339608205,
      "test_mae": 55.27800700484736,
      "train_r2": 0.019216516998984856,
      "train_rmse": 70.30620185973613,
      "train_mae": 43.566845150502616,
      "cv_r2_mean": -0.07725097682072186,
      "cv_r2_std": 0.20457956639189256
    }
  }
}