{
  "timestamp": "20260119_200158",
  "original_r2": 0.49349832355228274,
  "original_rmse": 61.98501029274562,
  "original_mae": 39.92127341589532,
  "optimized_r2": 0.6438583451286063,
  "optimized_rmse": 51.97657045604795,
  "optimized_mae": 37.90576043335732,
  "improvement": 0.15036002157632355,
  "improvement_percent": 30.468192980678676,
  "best_params": {
    "learning_rate": 0.2,
    "max_depth": 8,
    "max_features": "sqrt",
    "min_samples_leaf": 2,
    "min_samples_split": 2,
    "n_estimators": 150,
    "subsample": 0.9
  },
  "cv_r2_mean": 0.18279714306327194,
  "cv_r2_std": 0.2620229664977783,
  "feature_importance": {
    "mixing_entropy": 0.014599788953291054,
    "mixing_enthalpy": 0.07593072074699064,
    "valence_electron": 0.11738280580946402,
    "diff_in_atomic_radii": 0.06306079052418019,
    "diff_electronegativity": 0.022008984374336068,
    "omega": 0.010940846086274459,
    "lambda": 0.06229989407704512,
    "mean_atomic_radius": 0.028091244324143907,
    "std_atomic_radius": 0.0395787321386883,
    "max_atomic_radius": 0.04648561568730803,
    "min_atomic_radius": 0.01357247682921093,
    "delta_r": 0.024626128100268135,
    "radius_range_ratio": 0.018250674746052308,
    "mean_electronegativity": 0.01871802414612568,
    "std_electronegativity": 0.024213783410228843,
    "delta_chi": 0.029452627628749044,
    "vec": 0.07227871170320085,
    "mixing_entropy_calc": 0.01116866302086365,
    "mean_atomic_mass": 0.017015099847070017,
    "std_atomic_mass": 0.030486684395964917,
    "estimated_density": 0.020622915513582016,
    "num_elements": 0.016692154896882052,
    "comp_Ti": 0.0038233801829962335,
    "comp_Zr": 0.00014677513607426698,
    "comp_Hf": 0.0,
    "comp_Nb": 0.0029941825614864586,
    "comp_Ta": 0.00023963295449462043,
    "comp_V": 0.08611664762153136,
    "comp_Cr": 0.0039013228874403578,
    "comp_Mo": 0.0013773764736350962,
    "comp_W": 0.012379277241702033,
    "comp_Fe": 0.003091319183604251,
    "comp_Co": 0.015937856561624518,
    "comp_Ni": 0.019610722966204773,
    "comp_Cu": 0.013659118138832223,
    "comp_Al": 0.054626410284992793,
    "comp_Mn": 0.004618578601481292,
    "comp_Si": 0.0,
    "comp_Sn": 3.224397949707416e-08,
    "comp_Re": 0.0,
    "comp_Ru": 0.0,
    "comp_Pd": 0.0
  }
}