{
  "model": "Transformer",
  "test_r2": 0.04963374490132477,
  "test_rmse": 88.79869079589844,
  "test_mae": 66.99140930175781,
  "train_losses": [
    0.5486051024248203,
    0.48529984926184017,
    0.4357557147741318,
    0.4263375364243984,
    0.40995375129083794,
    0.41950464124480885,
    0.40874239709228277,
    0.40120155985156697,
    0.4049604305376609,
    0.4013647722701232,
    0.39767926807204884,
    0.39725004447003204,
    0.4002866552521785,
    0.3955730901410182,
    0.3977308546503385,
    0.39964987834294635,
    0.40140727162361145,
    0.4009787222991387,
    0.395814564699928,
    0.39506098193426925,
    0.3953544410566489,
    0.39657818246632814,
    0.3975554381807645,
    0.3979774173349142,
    0.39641606745620567,
    0.3952740039676428,
    0.39578427746891975,
    0.3952299685527881,
    0.39480744550625485,
    0.3976083441327016,
    0.3976321704685688,
    0.39496933047970134,
    0.4000898568580548,
    0.39556279095510644,
    0.3947275939087073,
    0.3967654270430406,
    0.3970241919159889,
    0.39547371429701644,
    0.39341564911107224,
    0.4020455727974574,
    0.3967664570858081,
    0.39464673834542435,
    0.39579396819074947,
    0.39377637828389805,
    0.39467402795950574,
    0.3959401609996955,
    0.3979867758850257,
    0.3962702428301175,
    0.39677227723101777,
    0.3930549913396438,
    0.39777548673252267,
    0.39445752277970314,
    0.3921962082386017,
    0.39388598191241425,
    0.39581390532354516,
    0.3959975739320119,
    0.39368529183169204,
    0.3946534184118112,
    0.3931090993185838,
    0.3934921609858672,
    0.3925023538370927,
    0.390900910521547,
    0.39204759274919826,
    0.39258225572605926,
    0.39225957728922367,
    0.3951369586090247,
    0.39441907964646816,
    0.39569794821242493,
    0.39194106000165146,
    0.39155836030840874,
    0.39194780712326366,
    0.3915792548408111,
    0.3929799944162369,
    0.390032730375727,
    0.38783602106074494,
    0.3845997365812461,
    0.38620968845983344,
    0.38711197177569073,
    0.3837993374715249,
    0.3845845690617959,
    0.388329370568196,
    0.3867689911276102,
    0.38538264234860736,
    0.38722557326157886,
    0.38853006965170306,
    0.38730825173358124,
    0.39292883314192295,
    0.3908199444413185,
    0.3874965626746416,
    0.386295801649491,
    0.3872739262878895,
    0.39527800244589645,
    0.39660986823340255,
    0.39533688748876256,
    0.39361414810021716,
    0.3895392920821905,
    0.3892103141794602,
    0.3894258712728818,
    0.3871181309223175,
    0.38381168991327286,
    0.38383887708187103,
    0.38411220473547775,
    0.3841041326522827,
    0.3840238054593404,
    0.3842677790671587,
    0.38458808201054734,
    0.38400566826264065,
    0.3842343681802352,
    0.38398788558940095,
    0.3843069349726041,
    0.38492906279861927,
    0.3835040343304475
  ],
  "val_losses": [
    0.43995749950408936,
    0.38577955464522046,
    0.40007297197977704,
    0.38899412254492444,
    0.3925126741329829,
    0.3933381835619609,
    0.3913424809773763,
    0.38799041509628296,
    0.40235984325408936,
    0.38817034165064496,
    0.3886117587486903,
    0.3896518051624298,
    0.3859771192073822,
    0.38802360991636914,
    0.4003475109736125,
    0.4023458659648895,
    0.3946810116370519,
    0.385985588033994,
    0.38997310896714527,
    0.3863751490910848,
    0.3920101424058278,
    0.3971947580575943,
    0.40393371880054474,
    0.39421213169892627,
    0.38786877195040387,
    0.3957435538371404,
    0.3856945037841797,
    0.3881970942020416,
    0.38652049998442334,
    0.3923212190469106,
    0.38637707630793255,
    0.3882014552752177,
    0.3889495333035787,
    0.3894805461168289,
    0.3967978010574977,
    0.39669989546140033,
    0.3936908046404521,
    0.38886957863966626,
    0.3896214912335078,
    0.3965766827265422,
    0.3952593108018239,
    0.38908737401167554,
    0.3877239525318146,
    0.3895494341850281,
    0.3929287443558375,
    0.38792769114176434,
    0.3887605120738347,
    0.387465958793958,
    0.38780741890271503,
    0.39173362652460736,
    0.3865560044844945,
    0.3886980911095937,
    0.3884215901295344,
    0.38758746286233264,
    0.39136601984500885,
    0.3868331362803777,
    0.3928538113832474,
    0.38763650755087536,
    0.39135172963142395,
    0.3881449153025945,
    0.38834039866924286,
    0.38961688180764514,
    0.388443390528361,
    0.39420223236083984,
    0.39057105779647827,
    0.3891509622335434,
    0.38989676038424176,
    0.38749439517656964,
    0.3859616319338481,
    0.38642410437266034,
    0.3850751866896947,
    0.38917140662670135,
    0.3873308598995209,
    0.3829198131958644,
    0.38146961232026416,
    0.37753691772619885,
    0.37808844943841297,
    0.3940631498893102,
    0.48160255948702496,
    0.39774741729100543,
    0.4241289297739665,
    0.39732885857423145,
    0.40735508998235065,
    0.3889690538247426,
    0.3844725737969081,
    0.4004198561112086,
    0.3960930109024048,
    0.37928160031636554,
    0.39863622685273487,
    0.8318258225917816,
    0.39484648903210956,
    0.38726464410622913,
    0.3869772603114446,
    0.38757073879241943,
    0.3764335811138153,
    0.4690963725248973,
    0.46229737003644306,
    0.48861099282900494,
    0.5244683821996053,
    0.43054227034250897,
    0.5084955096244812,
    0.5422023236751556,
    0.4154055217901866,
    0.386751726269722,
    0.4016909748315811,
    0.5458357781171799,
    0.5383894244829813,
    0.45659834643205005,
    0.5319239646196365,
    0.4015178481737773,
    0.38225237528483075,
    0.37767242391904193
  ],