{
  "model": "GNN",
  "test_r2": 0.2585538166905953,
  "test_rmse": 49.078155517578125,
  "test_mae": 29.526470184326172,
  "train_losses": [
    0.4719085560904609,
    0.39534111983246273,
    0.352426597641574,
    0.34270096611645484,
    0.42061134510570103,
    0.5293876346614625,
    0.3280143096215195,
    0.47672315769725376,
    0.3011009196440379,
    0.2970782492516769,
    0.2871966531707181,
    0.28654799196455216,
    0.2988332725233502,
    0.2741795642715361,
    0.2676036398754352,
    0.2885655471020275,
    0.3174198832776811,
    0.2985870937506358,
    0.30801918937100303,
    0.2997856330540445,
    0.25620972861846286,
    0.26000973354611134,
    0.23774347844947544,
    0.36410624782244366,
    0.24831174314022064,
    0.254026758636529,
    0.23648222039143244,
    0.22259997028029627,
    0.32883380932940376,
    0.22127258079126477,
    0.35889286796251935,
    0.2490164360238446,
    0.25345324021246696,
    0.25616859561867183,
    0.23438077668348947,
    0.26106726626555127,
    0.21672947580615678,
    0.21287975946648252,
    0.2148730514778031,
    0.21808442514803675,
    0.21179180343945822,
    0.22474198622836006,
    0.3147210073139932,
    0.19741077669378784,
    0.213514922066679,
    0.1932223421624965,
    0.3867527014679379,
    0.2353599210166269,
    0.18717976307703388,
    0.20022159825182623,
    0.21645110368262976,
    0.19453315105703142,
    0.20610013024674523,
    0.22145008419950804,
    0.19285536826484734,
    0.1838917309521801,
    0.2392768238981565,
    0.18595298565924168,
    0.18820394156500697,
    0.18932684510946274,
    0.44851357075903153,
    0.21720950615902743,
    0.19954629325204426,
    0.20526768577595553,
    0.19399191935857138,
    0.17807274953358704,
    0.31660451408889556,
    0.20903927584489188,
    0.35493237442440456,
    0.1684647672292259,
    0.17964768953000507,
    0.1968740945061048,
    0.26341408987840015,
    0.16827208755744827,
    0.16821836540475488,
    0.1766085819237762,
    0.22176690068509844,
    0.17239491501823068,
    0.170824334025383,
    0.2108800754778915
  ],
  "val_losses": [
    0.46128690242767334,
    0.4416918456554413,
    0.41602301597595215,
    0.37977296113967896,
    0.3839908242225647,
    0.3658362030982971,
    0.3877319097518921,
    0.36425429582595825,
    0.36007237434387207,
    0.359416663646698,
    0.3588581681251526,
    0.34281226992607117,
    0.34404173493385315,
    0.34021806716918945,
    0.3460579216480255,
    0.3308843970298767,
    0.3363255262374878,
    0.32257330417633057,
    0.37550026178359985,
    0.344205379486084,
    0.30116644501686096,
    0.3225870132446289,
    0.3414697051048279,
    0.32253625988960266,
    0.32839399576187134,
    0.292663037776947,
    0.2901799976825714,
    0.37297824025154114,
    0.29010841250419617,
    0.47764644026756287,
    0.34753674268722534,
    0.314410924911499,
    0.36107537150382996,
    0.31058037281036377,
    0.3081216812133789,
    0.3136676549911499,
    0.286895751953125,
    0.29001131653785706,
    0.29380548000335693,
    0.2872718572616577,
    0.289530873298645,
    0.2861005365848541,
    0.2843659818172455,
    0.29003670811653137,
    0.29557085037231445,
    0.2924700379371643,
    0.37482762336730957,
    0.30751433968544006,
    0.2935498356819153,
    0.280722975730896,
    0.28407150506973267,
    0.3023186922073364,
    0.3600621223449707,
    0.31384649872779846,
    0.32473695278167725,
    0.29532918334007263,
    0.3135165274143219,
    0.29451125860214233,
    0.2858061194419861,
    0.3468504548072815,
    0.35968393087387085,
    0.290009081363678,
    0.3545275926589966,
    0.3078961670398712,
    0.3104187548160553,
    0.2880651652812958,
    0.30175429582595825,
    0.29087573289871216,
    0.35410356521606445,
    0.3214796781539917,
    0.33625704050064087,
    0.29824739694595337,
    0.3086690306663513,
    0.2984898090362549,
    0.30219364166259766,
    0.37573665380477905,
    0.299498051404953,
    0.3059156835079193,
    0.3042465150356293,
    0.29313385486602783
  ],
  "train_r2s": [
    -0.2870425451141134,
    -0.18809377925834725,
    -0.08907997949552926,
    -0.06375061732731346,
    0.05279665083621632,
    -0.01656012472192603,
    -0.03173082704407415,
    0.024969683280272492,
    0.07797769600197058,
    0.06321486314985125,
    0.10657950895774648,
    0.12437569118937741,
    0.1634823758215399,
    0.12377365531610951,
    0.1493526772473659,
    0.1031913817169563,
    0.11713445598474592,
    0.16276761911673865,
    0.17921604071688235,
    0.06736227041397924,
    0.19074529239260773,
    0.16973586534595353,
    0.2211892962273998,
    0.19391333430458335,
    0.23684691919640244,
    0.1764204445042883,
    0.22729455221410377,
    0.25717799593744817,
    0.20326068956641496,
    0.2550673466955756,
    -0.04835266099354785,
    0.20670743694428573,
    0.17449297384302842,
    0.1859251710537072,
    0.23687676967987326,
    0.2830459157002987,
    0.29056464322553266,
    0.2706191120731134,
    0.28514609255929835,
    0.2504676695966004,
    0.2692053677442282,
    0.30998035765165366,
    0.32192057455408796,
    0.334282917590235,
    0.29550803811299675,
    0.3287077735027357,
    0.3218105775584965,
    0.24025548180144884,
    0.37537220889152145,
    0.3430598953294668,
    0.26042786631548875,
    0.3620340918463224,
    0.30694122948914115,
    0.2615279514599078,
    0.33311741385640603,
    0.3778744089039707,
    0.3644328797122982,
    0.3698091488200045,
    0.35419739210740575,
    0.38805455010999856,
    0.1310613456269839,
    0.30721688745503084,
    0.34495076648983547,
    0.31839917404638285,
    0.35936650318728325,
    0.39880978473424533,
    0.40147997154758575,
    0.379496441375647,
    0.38534488930953137,
    0.4581390772264675,
    0.39983956386827857,
    0.3592926350813661,
    0.414802900252377,
    0.4477979482678408,
    0.4438855843150882,
    0.3936113615591479,
    0.36015756599019144,
    0.41301681608559204,
    0.4738882704190406,
    0.31026052687242545
  ],