{
  "target_mean": 161.90200000000002,
  "target_std": 56.43296354617894
}