{
  "model": "cgcnn",
  "test_r2": 0.04420510942562417,
  "test_rmse": 86.90658569335938,
  "test_mae": 62.678253173828125,
  "train_losses": [
    93.50631745181866,
    66.53265617142863,
    66.25093938343561,
    65.29824609898809,
    65.15571733730943,
    65.20621302590442,
    65.11652963552902,
    65.04176327719617,
    64.99123388261937,
    65.05593294172145,
    64.94863168517155,
    64.99283175681954,
    64.8701795037113,
    65.03479650127353,
    64.87147755409354,
    65.16810932444103,
    64.67369703036636,
    64.80487558734951,
    64.88778416078482,
    64.94207171539762,
    64.76207203651542,
    64.77609964626939,
    64.9505443857677,
    65.12334484840507,
    64.8865717987516,
    64.6246586415305,
    64.57961566412627,
    64.31137591689381,
    64.76903502620868,
    64.58632984446056,
    64.79427630865752,
    64.62073049972307,
    64.81849835523919,
    64.74942241497894,
    64.53218926956404,
    64.84198837849631,
    64.79575615498557,
    64.48547889937215,
    64.83937328964916,
    64.66763761150303,
    64.39305476288297,
    64.49334229995955,
    64.47121201700239,
    64.53836893679491,
    64.62833635130924,
    64.57985487980629,
    64.73952165290491,
    64.38250940237472,
    64.29762182662736,
    64.10615212170046,
    64.4454720055879,
    64.3987296374876,
    64.37194462676547,
    64.3132072847281,
    64.45784002275609,
    64.49435783500103,
    64.31073712590916,
    64.30310966719442,
    64.34305398855636,
    64.05225346693352,
    64.33714422539099,
    64.49966086202593,
    64.22815636022767,
    64.1840311306626,
    64.02373925963444,
    64.28103196443017,
    63.75398157603705,
    63.90689701820487,
    63.80105115406549,
    63.939021466383295,
    64.02682355624526,
    64.04432436245591,
    64.24617804342242,
    64.56043158004533,
    64.07353643161147,
    63.848398607168626,
    63.98872028180023,
    63.92524870118098,
    64.03122173138519,
    63.99238814168901,
    63.96196849310576,
    64.27531094337577,
    63.92942371653087,
    64.25794980063367,
    64.18111835308929,
    64.06570924218022,
    64.13911116301124,
    63.67712074963015,
    63.99849302377274,
    63.928884250014576,
    63.71290238223859,
    64.04334945109353,
    64.18545592009131,
    64.0600345953187,
    63.648305722136996,
    63.96943917915003,
    63.81447319486248,
    63.798146945327076,
    63.790990060834744,
    63.84958947594486
  ],
  "val_losses": [
    64.0717508652631,
    63.752241022446576,
    63.43928236119888,
    62.803971458883844,
    62.47368980856503,
    63.12296721514534,
    63.49611372106216,
    62.296336005715766,
    63.21775234446806,
    62.35450789507698,
    62.4922451692469,
    63.60401916503906,
    62.33409859152401,
    62.8217706119313,
    62.30573272705078,
    62.58272933959961,
    63.08444685094497,
    62.2181437997257,
    62.35158763212316,
    62.66828413570629,
    62.79452559527229,
    62.655249651740576,
    63.12027852675494,
    63.51354845832376,
    62.07813464894014,
    61.968245786779065,
    62.05011659509995,
    62.61072226131664,
    62.20034094417797,
    64.00214228910558,
    61.9156182233025,
    62.12685147453757,
    62.26404347139246,
    61.95088016285616,
    63.21812618480009,
    62.49194021785961,
    62.00853998520795,
    61.830500210032746,
    62.139672223259424,
    62.3082852083094,
    61.8515822466682,
    61.959557701559625,
    62.116770800422216,
    61.922130809110755,
    61.85441118128159,
    62.269332212560315,
    61.753537346335015,
    61.84225733139936,
    62.172070895924286,
    62.59444315293256,
    62.098998574649585,
    61.74825331744026,
    61.96860706104952,
    61.5171459422392,
    61.63306853350471,
    61.86066122616039,
    61.77637593886431,
    62.78645661297966,
    62.34354714786305,
    62.42727122587316,
    61.83297314363367,
    61.7573408239028,
    61.845521590288946,
    61.5636365553912,
    61.61688681209789,
    62.2327995300293,
    61.60928613999311,
    61.825868269976446,
    61.5391004225787,
    62.17315875782686,
    61.50562421013327,
    61.52673452040728,
    61.77752102122587,
    61.63258406695198,
    61.49253822775448,
    61.487131904153266,
    61.376372169045844,
    61.68594337912167,
    61.46463640998392,
    61.75673720415901,
    61.47224583345301,
    61.41921424865723,
    61.592103845932904,
    61.30086315379423,
    61.80656208711512,
    61.62967883839327,
    61.73354070326861,
    61.40990447998047,
    61.43916006649242,
    61.58567630543428,
    61.4798007291906,
    61.768705929026886,
    61.664974212646484,
    61.45524462531595,
    61.58370455573587,
    61.462078767664295,
    61.555804533116955,
    61.59307771570542,
    61.383816214168775,
    61.6646084504969
  ],
  "train_r2s": [
    -1.0561251787584323,
    -0.05908623757058229,
    -0.0443805146605718,
    -0.028770455833018405,
    -0.0062868316350233044,
    -0.017548804022708087,
    -0.01859745085226261,
    -0.010591068855349217,
    -0.007469810557512613,
    -0.016101954280739017,
    -0.009397254171022551,
    -0.01915246143857674,
    -0.014393011483290197,
    -0.018846072608063924,
    -0.009355280020155288,
    -0.010446017862127288,
    -0.006910982509856778,
    -0.0032234379545250658,
    -0.0048147476163193925,
    -0.020053910614075576,
    -0.009716986570074582,
    0.004044255936545005,
    -0.010017937434338764,
    -0.017233837493582982,
    -0.0010556102373504572,
    -0.0006611152624533823,
    -0.005725243269688152,
    0.0008643144522837432,
    -0.0016738296083538273,
    -0.0076552723896763375,
    -0.008861547754601906,
    -0.0011316487092027927,
    -0.010776244739202356,
    -0.0004962772276733141,
    -0.0036919613317063504,
    -0.004478486555457684,
    -0.006522909790589004,
    0.0007962939507734079,
    0.0007304461968936637,
    -0.0023089335256685217,
    0.004566410264025378,
    0.0017444611240473584,
    0.005505706378641784,
    0.003881015883877237,
    0.0029889341718907225,
    -0.0062506931759742645,
    -0.008530287317349838,
    0.0006649423525481035,
    0.010693988968336177,
    0.018127270310040466,
    0.00690973175377696,
    0.005676359370654471,
    -0.003731903357818922,
    0.006446617687285938,
    0.006783074988828575,
    -0.006001202283890672,
    0.008295313213686595,
    0.004727979084209855,
    0.010412474740588928,
    0.007772988004631998,
    0.011976517399882591,
    0.0015087771159802976,
    0.009447865709099057,
    0.01519150069431452,
    -0.010879303398198648,
    0.004524691987402352,
    0.02102522691791342,
    0.008767869622083868,
    0.019552109403083495,
    0.008448386426957444,
    0.01414863356143059,
    0.009136628491755228,
    -0.0010295010875909227,
    0.014648470217383802,
    0.01029714109028057,
    0.012870560502857842,
    0.010206651785334087,
    0.006869011426997251,
    0.008109094786912574,
    0.004380436772287166,
    0.006389846742943406,
    -0.005878373004646997,
    -0.0030890990571590393,
    -0.019568952889704283,
    0.005234422132527783,
    0.009934396742216522,
    0.007386114427090806,
    0.014670846029731344,
    0.004606951331354692,
    0.009477144554888906,
    0.015778854966210676,
    0.008666561592521216,
    0.004988014152435105,
    0.01810994867783222,
    0.00938884785051819,
    0.0037005097673010745,
    0.011301056213377514,
    0.01592582958821731,
    0.014857056556485504,
    0.004429429877552904
  ],