{
  "model": "megnet",
  "test_r2": 0.4851076517207702,
  "test_rmse": 63.786468505859375,
  "test_mae": 43.592960357666016,
  "train_losses": [
    91.89099539571734,
    60.25001932969734,
    57.114662085006486,
    55.75563490568702,
    54.77389429576361,
    52.5746670053966,
    51.61824716027103,
    51.32312458664624,
    51.320411539789454,
    50.76580535831736,
    49.82510785914179,
    48.958094668032516,
    49.56264626801904,
    50.023111870039756,
    49.089746987641746,
    48.4858488538372,
    47.70686045689369,
    48.05640788576496,
    47.50344418767673,
    47.18475467055591,
    47.02313871526007,
    46.870295382257716,
    47.08201261776597,
    46.444982172837896,
    46.41471743227831,
    45.344972937854365,
    45.45454261552042,
    46.30449798925599,
    45.28951771579572,
    45.49643500883188,
    45.09780893752824,
    45.69375411076332,
    44.60106819779126,
    45.401277385540865,
    44.94933881332625,
    44.9977897103153,
    43.23430718948592,
    43.01977943306539,
    42.677284909718075,
    43.12004727036206,
    42.963249235010856,
    42.564264624866084,
    42.649921004451926,
    42.30367626360993,
    42.489810118034704,
    41.93471354868875,
    42.50252441861736,
    42.56391135258461,
    42.281381749395116,
    42.0051902799464,
    41.55864766818374,
    42.05021169292393,
    41.67883668017031,
    41.58787142340817,
    40.94868336862593,
    41.51983266801977,
    41.32537558541369,
    41.315894767419614,
    41.25993260340904,
    41.289531778933394,
    41.00597558092715,
    41.22364055576609,
    41.030448856638436,
    41.36532837597292,
    41.12784589226566,
    41.10767030004245,
    41.284840882714114,
    40.498015503385176,
    41.09604855437777,
    40.48495631431466,
    40.272322868233296,
    39.66165861442907,
    39.63939581344377,
    39.7093673108229,
    39.72186632298712,
    39.56987567446125,
    39.55174763522931,
    39.62993216158739,
    39.362672350299896,
    39.3726845214616,
    39.56212143399822,
    39.29794142139492,
    39.779953187970975,
    38.95368715542466,
    39.577694024612654,
    39.25881052728909,
    39.19019447155853,
    39.036210415968256,
    39.18264370533957,
    39.056476123297394,
    38.97683795530405,
    39.126962405532154,
    39.032439416913846,
    38.967766163954096,
    39.27990284250743,
    38.79587465257787,
    38.76318310979587,
    38.79493161101839,
    38.98368311640042,
    38.562511942279876,
    38.96029216140064,
    38.63534628455319,
    38.088969970817,
    37.96096761902766,
    37.841233908240476,
    37.74545379183186,
    37.899127889035356,
    38.057772636413574,
    37.80879056275781,
    38.18930035206809,
    37.874865902003954,
    37.863585472106934,
    37.91458774680522,
    37.635815164936126,
    37.61605876239378,
    37.936710357666016,
    37.81575649887768,
    37.6617287166083,
    37.46370119123316,
    37.61495408015465,
    37.729894453020236,
    37.53841320436392,
    37.303106165643946,
    37.43035911446187,
    37.26045735202619,
    37.31033524470543,
    37.248386767373155,
    36.91013360379347,
    37.218074969391324,
    37.1287666007654,
    37.08749476475502,
    36.960062311656436,
    36.97001794558852,
    37.142536433775035,
    37.199994201090796,
    37.083970226458646,
    37.048007011413574,
    37.13443243681495,
    37.02695859368168,
    36.811332062109194,
    36.824321974569294,
    36.969167538543246,
    36.87321892069347,
    36.807149417364776,
    36.60457377647286,
    36.61786469416832,
    36.768926634717346,
    36.750423929584564,
    36.76396482382248,
    36.513189016883054,
    36.59307138243718,
    36.489049157099934,
    36.59695404679028,
    36.54240525658451,
    36.669508279259524,
    36.67245284123207,
    36.493638010167366,
    36.625720394191454,
    36.30002769071665,
    36.506772425637315,
    36.617985711168885,
    36.828918585136755,
    36.38471794128418,
    36.29325569209768,
    36.45556126779585,
    36.546843486045724,
    36.6510278502507,
    36.45221243331682,
    36.517223642833194,
    36.332438981355125,
    36.25613518615267,
    36.47745576545374,
    36.5827249911294,
    36.40819223603206,
    36.453008011205874,
    36.39127758367738
  ],