{
  "model": "megnet",
  "test_r2": -0.009553886361360675,
  "test_rmse": 57.268150329589844,
  "test_mae": 41.38709259033203,
  "train_losses": [
    167.49945373535155,
    142.37937622070314,
    161.66481018066406,
    149.82913818359376,
    135.1329818725586,
    144.06572570800782,
    135.05835418701173,
    138.19652099609374,
    134.22776947021484,
    137.46267395019532,
    104.91772994995117,
    126.90888214111328,
    95.80250778198243,
    101.93331604003906,
    81.6521728515625,
    89.45536193847656,
    69.41843109130859,
    70.2431655883789,
    48.83905563354492,
    51.874455261230466,
    47.83341979980469,
    44.38556060791016,
    35.96157379150391,
    36.03521881103516,
    42.14008712768555,
    43.239620208740234,
    36.31863784790039,
    46.53050003051758,
    35.253639221191406,
    36.24924087524414,
    157.2693634033203,
    146.95863342285156,
    182.38671264648437,
    154.87280883789063,
    160.52147827148437,
    161.84647521972656,
    148.06429595947264,
    167.95047302246093,
    161.3807861328125,
    154.92044067382812,
    153.99542236328125,
    161.59430847167968,
    138.07152252197267,
    158.82860107421874,
    152.9583740234375,
    160.30721435546874,
    159.45696411132812,
    167.4054168701172,
    166.84530334472657,
    158.59685363769532,
    149.2903274536133,
    153.516455078125,
    169.5455291748047,
    169.40260009765626,
    169.39417724609376,
    143.37474517822267,
    144.39085693359374,
    148.9985778808594,
    150.5592514038086
  ],
  "val_losses": [
    155.29843139648438,
    152.9356689453125,
    150.07864379882812,
    146.7037353515625,
    142.84783935546875,
    138.590576171875,
    133.93173217773438,
    128.859619140625,
    123.35302734375,
    117.3961181640625,
    110.97416687011719,
    104.03990936279297,
    96.51614379882812,
    88.56918334960938,
    81.27900695800781,
    74.41294860839844,
    67.19001007080078,
    60.08513259887695,
    54.64809036254883,
    50.709373474121094,
    47.88444519042969,
    46.147151947021484,
    45.401405334472656,
    45.02345275878906,
    44.94573974609375,
    45.558265686035156,
    45.04397201538086,
    45.282283782958984,
    44.47456359863281,
    159.9228515625,
    156.92919921875,
    156.56460571289062,
    156.295654296875,
    156.07095336914062,
    155.81871032714844,
    155.59738159179688,
    155.42352294921875,
    155.18887329101562,
    154.99887084960938,
    154.82794189453125,
    154.725341796875,
    154.64012145996094,
    154.5681915283203,
    154.4747772216797,
    154.400146484375,
    154.32150268554688,
    154.24807739257812,
    154.17257690429688,
    154.10789489746094,
    154.0288848876953,
    153.96173095703125,
    153.93072509765625,
    153.8953857421875,
    153.85739135742188,
    153.82342529296875,
    153.79966735839844,
    153.75985717773438,
    153.72589111328125,
    153.70196533203125
  ],
  "train_r2s": [
    -8.169379981521622,
    -7.914297587417188,
    -7.6643147927532915,
    -7.3699722767222315,
    -7.035713146495512,
    -6.662875093496533,
    -6.267070010951098,
    -5.8596282453489525,
    -5.409619128365872,
    -4.948162014047199,
    -4.490641977704424,
    -4.003434347622167,
    -3.511317600025434,
    -3.0200528371746787,
    -2.5784668337152095,
    -2.0627078021164906,
    -1.6202789520073506,
    -1.2231316688693807,
    -0.7883424661671843,
    -0.5455935407493366,
    -0.32685675927433433,
    -0.11564363873900874,
    -0.08712074041072082,
    -0.011881196242430558,
    -0.11605127260931769,
    -0.027646764743997965,
    -0.05148238454289089,
    -0.020202038659036692,
    -0.009064323224834414,
    0.04567027742978025,
    -8.31949765746842,
    -8.134870664907028,
    -8.102519475710269,
    -8.07725332397639,
    -8.052356614746499,
    -8.029957859588713,
    -8.006267021453722,
    -7.987952314639227,
    -7.966305995272858,
    -7.94714780095874,
    -7.9305664333909185,
    -7.923328110808997,
    -7.914998923226449,
    -7.908674890596313,
    -7.899551410766923,
    -7.892036259004934,
    -7.884669784923773,
    -7.875542040041996,
    -7.867063235420467,
    -7.862119520415497,
    -7.853851404656293,
    -7.8471835716028675,
    -7.8440638974523225,
    -7.8410257267499315,
    -7.836700737916361,
    -7.837041625035734,
    -7.832882323568599,
    -7.828371590834983,
    -7.82478647852008
  ],
  "val_r2s": [
    -7.546027495384406,
    -7.318858592203,
    -7.048841821385794,
    -6.736415044575488,
    -6.388135714828361,
    -6.014323864142256,
    -5.618167051038042,
    -5.202216257778127,
    -4.768746776971211,
    -4.321040624859421,
    -3.8631278688783004,
    -3.39747105280279,
    -2.9260124824636393,
    -2.462724664643924,
    -2.0116162887791704,
    -1.5798057940445673,
    -1.181785229473741,
    -0.8152618513761518,
    -0.5152904249331858,
    -0.29555209912371105,
    -0.11995662316123146,
    -0.018706352935546233,
    -0.005279305079312069,
    -0.05284792399056015,
    -0.044723590842296046,
    0.004047696875213225,
    -0.008814039382093464,
    0.011158370438091314,
    -0.0291194457188233,
    -8.000651333720906,
    -7.704866399301467,
    -7.66913798029452,
    -7.642891660203981,
    -7.621115200445908,
    -7.596495782671466,
    -7.575001650104642,
    -7.558260838791371,
    -7.535403388980095,
    -7.517047619834949,
    -7.500569577687331,
    -7.490617455252517,
    -7.482395224290666,
    -7.475497735296974,
    -7.466444608442867,
    -7.459271442840482,
    -7.451686064454099,
    -7.44463278010879,
    -7.437358769474587,
    -7.431172503836214,
    -7.423542226902102,
    -7.417109401114198,
    -7.414144123610061,
    -7.410748009793306,
    -7.407083714318244,
    -7.403817974689105,
    -7.401571866136424,
    -7.3977260695273745,
    -7.394446796294783,
    -7.3921979791239565
  ]
}