{
  "model": "neural_ode",
  "test_r2": 0.254123460341505,
  "test_rmse": 76.77217102050781,
  "test_mae": 53.456729888916016,
  "train_losses": [
    90.76108331822637,
    58.362282311738426,
    56.98716559338926,
    55.96239329096097,
    55.64217795186968,
    55.4133935330519,
    55.227374717370786,
    54.54012606037197,
    54.555096298901006,
    54.790285850638774,
    54.56386956172203,
    54.43740133029311,
    54.47426961073235,
    53.81613463786111,
    54.28968517815889,
    54.25293808552756,
    54.034857166347216,
    54.483992733172514,
    54.24366185202528,
    54.10752616711517,
    54.3010119537809,
    54.20290018907234,
    54.13316518868973,
    53.75615302128578,
    53.678880392615476,
    54.19708382905419,
    53.95922717763417,
    53.602078181594166,
    53.738105403843214,
    53.69571264466243,
    53.71859654383873,
    53.60384277799236,
    53.49486527514102,
    53.905501664574466,
    53.74290255646208,
    53.50658610329699,
    53.5210707080898,
    53.843223230162664,
    53.672951499027995,
    53.55494331245992,
    53.357021203681605,
    53.26462705811458,
    53.23417065748528,
    53.212672475558605,
    53.20810054665181,
    53.296867484477026,
    53.230168413760055,
    53.194142042700925,
    53.15834717252361,
    52.92036681388741,
    53.212925839779984,
    53.001051660793934,
    52.950272602821464,
    52.904706015515686,
    52.915176277730005,
    53.385319610140215,
    53.04836150781432,
    53.19945255678091,
    52.97232422899844,
    53.07270440058922,
    52.91214171452309,
    53.01348244965966,
    52.92153512186079,
    52.8499835854146,
    52.910091798696946,
    53.104496685426625,
    52.86052666849165,
    52.684087852933516,
    53.04800030722547,
    52.8127628582627,
    52.5597029728676,
    52.45474618940211,
    52.54815653900602,
    52.765461580077215,
    52.69401422187464,
    52.65268604790987,
    52.70714096524822,
    52.78358698602933,
    52.64584632418049,
    52.43391808467125,
    52.64731516766904,
    52.53792449609557,
    52.70833859514834,
    52.44307384206288,
    52.57748242278597
  ],
  "val_losses": [
    57.96102591121898,
    56.522564607508045,
    53.83251504337086,
    55.43374566470875,
    55.48075776941636,
    52.37584192612592,
    52.59511745677275,
    52.55783911312328,
    52.47231012232163,
    52.36445752312155,
    52.34650196748621,
    52.412624807918775,
    52.66917396994198,
    52.603289884679455,
    52.49807357788086,
    52.07955091139849,
    52.424981734331915,
    52.508844936595246,
    52.16867873247932,
    52.53442786721622,
    52.847674650304455,
    52.45001153384938,
    52.542667388916016,
    52.401292239918426,
    52.51694309010225,
    52.434730529785156,
    52.85628430983599,
    51.89569652781767,
    52.1635939654182,
    52.205929924460015,
    52.096952101763556,
    52.412504757151886,
    52.04222084494198,
    52.124178269330194,
    52.074217179242304,
    52.00220915850471,
    52.191400191363165,
    52.18069390689625,
    51.9786543004653,
    52.14754216811236,
    51.89366867963005,
    52.03939437866211,
    51.89011685988482,
    52.024585499482995,
    52.087510726031134,
    51.86519039378447,
    51.72270539227654,
    51.9737647561466,
    51.78050299251781,
    51.987071317784924,
    51.997268452363855,
    51.8340041216682,
    51.86594772338867,
    51.92989596198587,
    51.585581835578466,
    51.71198396121754,
    51.84701246373794,
    51.712797725901886,
    51.91557424208697,
    51.766022850485406,
    52.46256368300494,
    51.718909319709326,
    51.97252116483801,
    51.83947551951689,
    51.70975337308996,
    51.82779334573185,
    51.71987196978401,
    51.80843083998736,
    51.65840709910673,
    51.62052984798656,
    52.00248987534467,
    51.69822468477137,
    51.75481773825253,
    51.675968170166016,
    51.73854289335363,
    51.729200699750116,
    51.68172409955193,
    51.73700198005228,
    51.72372975068934,
    51.76998946245979,
    51.83793931848862,
    51.70332897410673,
    51.73576422298656,
    51.738249610452094,
    51.69808331657858
  ],
  "train_r2s": [
    -0.9539284529748531,
    0.10938483060629278,
    0.1426788736058353,
    0.16611849885743302,
    0.18000809002625018,
    0.1684093837984565,
    0.18261666208349925,
    0.19325910278820513,
    0.19372717971610875,
    0.18867454403896633,
    0.19366380905662117,
    0.19735689489162522,
    0.19555715316370947,
    0.2039542371348012,
    0.20245245686927327,
    0.19953873040887748,
    0.19952718101011724,
    0.1915884944012345,
    0.1919454130174072,
    0.19925130271101488,
    0.1972782852216005,
    0.1936546359638751,
    0.2048499118517607,
    0.21308861316166483,
    0.2087902520182351,
    0.20439674727024226,
    0.20996606967917797,
    0.21009959305286285,
    0.2048358012834688,
    0.2027746397272263,
    0.2047819224473566,
    0.21175826824022603,
    0.2114519171134639,
    0.20419991002472526,
    0.20726973120609293,
    0.20449955083705795,
    0.2089972961228833,
    0.21208275407748,
    0.21016055243920018,
    0.21330207452728733,
    0.21269419806571155,
    0.21528774170272114,
    0.22189826430908188,
    0.2161099103709938,
    0.22016981612015885,
    0.21555101075413574,
    0.2165447960543051,
    0.21638379127094043,
    0.21532011367448656,
    0.2221452714638602,
    0.21612525936789717,
    0.21942156801130253,
    0.21780240123745676,
    0.22015845821842295,
    0.22183779651292024,
    0.2189846982525394,
    0.223808100436106,
    0.21662146724601927,
    0.21810033666232953,
    0.22193338579936106,
    0.22022076397373402,
    0.22660553989031085,
    0.22261265904587935,
    0.2297908768204553,
    0.2193681210132633,
    0.21224385602138784,
    0.22253682609087,
    0.22738416270865813,
    0.22366601558606214,
    0.22396464578034436,
    0.2246552109102421,
    0.23101123578918548,
    0.22481576598657338,
    0.22215952057147847,
    0.23087829525376224,
    0.2277703099655446,
    0.2206683367231158,
    0.22908049807308195,
    0.22765454860153833,
    0.2275407838681336,
    0.228094960241072,
    0.23381394223804497,
    0.22110490717219078,
    0.22661689159906084,
    0.2275599863504001
  ],