{
  "model": "neural_ode",
  "test_r2": 0.05665267530393403,
  "test_rmse": 86.33882904052734,
  "test_mae": 62.66270065307617,
  "train_losses": [
    94.92461790967343,
    66.97850096403663,
    66.08101730916037,
    65.26044094028758,
    65.22948222373849,
    65.2560958008268,
    65.16955469615424,
    65.13862402047684,
    64.92963565997223,
    65.06348723795877,
    64.91414693576186,
    65.21470405806356,
    64.97801567191509,
    65.0567318076518,
    64.96061097330121,
    64.86039494756443,
    65.02266357194132,
    64.96461014249432,
    64.9037903173646,
    64.95571321515895,
    65.1605965343874,
    65.04961449352663,
    64.75769296332972,
    65.00435271191952,
    64.8886575841192,
    64.81230952134773,
    64.67668299888497,
    64.94181837964413,
    64.63204466406978,
    64.89893768082804,
    65.16843382991962,
    64.91146369478595,
    64.97060713127478,
    64.92704639150135,
    64.89665384434942,
    64.81069243132178,
    65.09493933151018,
    64.71472153734805,
    64.84091405726191,
    64.58860787348961,
    64.71908404222175,
    64.75057963470914,
    64.87581947668275,
    64.80737643455392,
    64.67332398713525,
    64.67872232465602,
    64.80297632359746,
    64.38475771092656,
    64.71904521201974,
    64.73914752789398,
    64.54959220316873,
    64.71600347490453,
    64.74250409140515,
    64.78609933426131,
    64.4350720021262,
    64.43510300365847,
    64.75804676226716,
    64.65589156079648,
    64.41654766139699,
    64.21271961838451,
    64.56022749374162,
    64.66955942182399,
    64.69249571615191,
    64.71773190284843,
    64.35857391357422,
    64.62428027480397,
    64.29813291065729,
    64.69793621461783,
    64.40356633200574,
    64.40830834232159,
    64.25013732910156,
    64.49908091417,
    64.62022715895924,
    64.54263371140209,
    64.37266011024589,
    64.42251102959932,
    64.48740483753717,
    64.31228367250357,
    64.43887841523583,
    64.22818135503513,
    64.04364460617748,
    64.34485532276666,
    64.37201702060985,
    64.2685477982706,
    64.1902470090496,
    64.10717349265938,
    64.13661731890778,
    64.40100513287445,
    63.98570983089618,
    64.3452199964381,
    64.42417250106584,
    64.49557680158473,
    64.353751481469,
    64.20110605723822,
    64.18142495226505,
    64.035617088204,
    64.32419751295403,
    64.0301553526921,
    63.97487725784529,
    64.01023523131413
  ],
  "val_losses": [
    65.20987140431123,
    63.86015432021197,
    63.341982897590185,
    62.25586274090935,
    62.31581811343922,
    62.24855265897863,
    62.32990960513844,
    62.983733233283544,
    62.99793579999138,
    62.972067440257355,
    62.66797974530388,
    62.690493415383735,
    62.49287302353803,
    62.20928169699276,
    62.65750099630917,
    64.9873955670525,
    62.76496348661535,
    62.242494470932904,
    62.94635458553539,
    62.41180532118853,
    63.257638819077435,
    62.25130731919233,
    62.12414674197926,
    62.16617068122415,
    62.93403244018555,
    62.13543420679429,
    62.10802594353171,
    63.01962886137121,
    62.8528855267693,
    62.10804479262408,
    63.02750441607307,
    62.13753128051758,
    62.57462490306181,
    62.861165663775274,
    63.97654342651367,
    62.14777755737305,
    62.10616235172047,
    63.82946867101333,
    62.23071715411018,
    62.222715490004596,
    62.251267825855926,
    62.63793137494255,
    62.81009988223805,
    62.21743931489832,
    62.02712260975557,
    62.619253270766315,
    63.120353025548596,
    62.0028388079475,
    62.71490568273208,
    62.870551614200366,
    62.252653907327094,
    62.71686935424805,
    62.05034525254194,
    61.991413453046015,
    62.38068816241096,
    62.094773909624884,
    62.15782255284927,
    62.10941426894244,
    62.315646788653204,
    62.69598523308249,
    62.48196568208582,
    62.20639778585995,
    62.02629515703987,
    62.1733876396628,
    61.91602213242475,
    62.26998430139878,
    62.018876244040094,
    62.17724025950712,
    62.4823953965131,
    62.13621296602137,
    62.33819580078125,
    62.5921532126034,
    61.96812192131491,
    62.08163093118107,
    62.46066486134249,
    62.03893033195944,
    61.88734391156365,
    62.1425251680262,
    61.92378257302677,
    61.97273478788488,
    61.884680579690375,
    61.97275745167452,
    61.87485549029182,
    61.95504917817957,
    62.27427000157974,
    62.414924172794116,
    61.800453186035156,
    61.90238301894244,
    61.80441239300896,
    61.88686281092026,
    62.341697468477136,
    61.89829994650448,
    61.70512098424575,
    61.692561205695654,
    62.19363896987017,
    61.742352317361274,
    61.82911008947036,
    61.98077841366039,
    61.84760284423828,
    61.759282504811004
  ],
  "train_r2s": [
    -1.0901506543574224,
    -0.05920963774454546,
    -0.049657472954028004,
    -0.01697987414953306,
    -0.017550401589439435,
    -0.006553112814383644,
    -0.017704563753068614,
    -0.01707184148635621,
    -0.0017398474761121108,
    -0.017607434329734106,
    -0.010073052954127304,
    -0.015273141794211798,
    -0.023549799602167854,
    -0.008315363064518078,
    -0.013367265747382895,
    -0.010354167284298166,
    -0.0027173179942654446,
    0.00031183810379364907,
    -0.006797842697134238,
    -0.0025854079511844485,
    -0.01064822896790285,
    -0.011331659122322701,
    -0.019544238597095198,
    -0.008501863531161113,
    -0.01129888154893055,
    -0.00563111862557597,
    -0.0055613393122073695,
    -0.015122986226179691,
    -0.010355470034283165,
    -0.0010654135599990067,
    -0.0103804630595985,
    -0.011842246090350672,
    -0.018207869528466647,
    -0.017156127207661465,
    -0.006780273636383116,
    -0.00405228962812032,
    -0.003008471672822255,
    -0.009184261774387137,
    -0.00590839532853904,
    0.001435024089542325,
    9.986720919374914e-05,
    -0.003378962865348223,
    0.002428666858258377,
    -0.005041662612691233,
    -0.0036050604182091828,
    -0.003190079142070701,
    -0.004874571408298278,
    0.012859777417948415,
    -0.0024862830446807926,
    -0.010232515117656105,
    -0.0013159915097669117,
    -0.0010952763203999627,
    -0.0010859192182390842,
    -0.006871974940571235,
    0.00011394263312869413,
    0.01167530462775579,
    -0.004671219121971992,
    0.003905010034589096,
    0.006809221458813575,
    0.004689333205291302,
    0.004743332640746556,
    -0.001716966492242733,
    -0.004243882486172579,
    -0.007666980030406112,
    0.01699527294796288,
    -0.0017301663128279632,
    0.009471049407301702,
    0.0022912647888861937,
    0.006558391192992841,
    0.0033875860060967877,
    0.0036138409712836994,
    0.001682088785577296,
    0.0053951267534927405,
    0.0032017088207019206,
    0.005152162896358448,
    0.002189984294596492,
    -0.0008127296582915999,
    0.010421324189211378,
    0.008404836434407925,
    0.0045624134742200395,
    0.014079059550101358,
    0.002930178121061222,
    0.008469742002239378,
    0.0020982512274982934,
    0.0026832615955287853,
    0.010728939980653052,
    0.019626182308443707,
    0.002084072233539902,
    0.01469701029536663,
    -0.0010098038067680726,
    0.004885399293844017,
    -0.00012323287952020756,
    0.015123286483266551,
    0.005861275934269661,
    0.008680794994020302,
    0.014939734813377403,
    0.003909568244649053,
    0.00460501453190143,
    0.013162412489547304,
    0.015233210948607412
  ],