{
  "model": "pinns",
  "test_r2": 0.011871243130947007,
  "test_rmse": 88.3643569946289,
  "test_mae": 64.1125259399414,
  "train_losses": [
    122.22151383357262,
    104.91864252802151,
    89.99543084671248,
    79.00984784026645,
    71.91416384568855,
    68.51489496942776,
    67.13576985828912,
    66.81581918517155,
    66.77396156538778,
    66.58166845520931,
    66.51908009087862,
    66.40220385878834,
    66.46494677529407,
    66.43816227699394,
    66.3222925271561,
    66.32346768165702,
    66.20447699703388,
    66.429670931688,
    66.06265691500991,
    66.15530070973865,
    66.17767763849514,
    66.06612996912715,
    66.09783388963386,
    66.09471181613296,
    66.12516798901913,
    66.20590710995802,
    66.3329772095182,
    66.2493753290888,
    66.14229666297115,
    66.14886303802035,
    66.28091851988835,
    66.27654491253753,
    66.08857080829678,
    66.27578968788261,
    66.24437753478092,
    66.26924899087024,
    65.43257457106861,
    64.93985298498353,
    65.06612598362254,
    64.81242871640333,
    65.00132785626312,
    64.89506949239703,
    64.65464831110256,
    64.9565881188236,
    64.64583510783181,
    64.61467250425424,
    64.62430934051969,
    64.6262121342901,
    64.75208031953271,
    64.616301294583,
    64.72088483554214,
    64.64435640021937,
    64.60040044072849,
    64.62260223502544,
    64.80160192233413,
    64.46271976072397,
    64.60572732384526,
    64.54506646341352,
    64.66804609725725,
    64.6838561670104,
    64.61999269741685,
    64.59196711298245,
    64.65989215338408,
    64.49014962609135,
    64.57093663002128,
    64.3949191819376,
    64.56307980551648,
    64.59433954153488
  ],
  "val_losses": [
    107.62993083280675,
    91.33229334214154,
    78.71143071791705,
    70.43690423404469,
    65.63242968390969,
    64.16848306094899,
    64.06657140395221,
    64.15140802720013,
    64.13240320542279,
    63.8653299668256,
    63.95664753633387,
    63.77063302432789,
    63.80415501314051,
    63.92154873118681,
    63.982297111960015,
    63.746235118192786,
    64.01149861952838,
    63.948204938103174,
    63.93062389598173,
    64.05032079360065,
    63.935844645780676,
    63.82700392779182,
    64.05558485143325,
    64.06500850004308,
    63.93321744133444,
    63.98082576078527,
    63.874437893138214,
    63.88261952119715,
    63.818569632137525,
    63.954169778262866,
    63.98668019911822,
    63.984446357278266,
    63.94338540469899,
    63.97357312370749,
    63.91893678552964,
    63.780312930836395,
    62.98844326243681,
    62.20756373685949,
    62.48474210851333,
    62.23068439259249,
    62.57460381002987,
    62.68017331291647,
    62.44929504394531,
    62.953274221981275,
    62.55164785946117,
    62.251623041489545,
    62.246643515194165,
    62.39395971859203,
    62.56802076451919,
    62.33427720911362,
    62.22088264016544,
    62.3087537428912,
    62.29706034940832,
    62.31735521204331,
    62.360060299144074,
    62.337266585406134,
    62.26120174632353,
    62.33944320678711,
    62.41976771635168,
    62.25515937805176,
    62.35320057588465,
    62.2993740754969,
    62.34753754559685,
    62.35647784962374,
    62.397484723259424,
    62.36591002520393,
    62.30719083898208,
    62.38886597577263
  ],
  "train_r2s": [
    -2.03264653794594,
    -1.4699416881285328,
    -1.001480219092762,
    -0.6323885796619906,
    -0.3560486039115478,
    -0.1863688777118655,
    -0.10085165249248407,
    -0.0699436256444943,
    -0.05853950595235702,
    -0.05975204142665258,
    -0.05625004142354939,
    -0.06205340858753061,
    -0.06039591223700702,
    -0.055464682913275665,
    -0.05169394667932292,
    -0.05552793599784289,
    -0.05552015513036723,
    -0.04839957175033627,
    -0.05107731776972346,
    -0.0442504684363656,
    -0.041163131517319984,
    -0.037909217079713065,
    -0.051690784944371515,
    -0.05038727358864148,
    -0.04157483720531263,
    -0.05176970031080863,
    -0.041280657225616135,
    -0.04606157607836869,
    -0.049781308642684596,
    -0.05465612487235805,
    -0.05848828065318257,
    -0.047326206858182784,
    -0.03617915257512516,
    -0.05356219162948994,
    -0.04649719484748327,
    -0.05609067931017586,
    -0.042004399330773046,
    -0.01953704537723877,
    -0.016857457560573108,
    -0.007148896036506258,
    -0.012587959868286314,
    -0.009512185790454764,
    -0.004252651865849222,
    -0.015043307911074333,
    -0.015176134982920697,
    -0.0010742643217704906,
    -0.003895034329712166,
    -0.004475163003002436,
    -0.012204175545343476,
    -0.0013555687036168607,
    -0.006389379512691917,
    -0.0034823133082599877,
    0.000914230284918327,
    -0.006386753415716928,
    -0.011115989242396651,
    -0.007119602556553417,
    -0.003135372547781179,
    -0.002581168184201621,
    -0.004388110773376974,
    0.0007470282292240116,
    -0.005684999660885426,
    -0.0012253956753502937,
    -0.005672738057679982,
    0.0035792937480870757,
    -0.004130717843544129,
    0.002492639153053977,
    -0.001027361142683425,
    -0.0012332201128222309
  ],
  "val_r2s": [
    -1.5991891589601268,
    -1.108839596303775,
    -0.7070008878999432,
    -0.40295517330622777,
    -0.19657487964636688,
    -0.09249752369581743,
    -0.0490600071252949,
    -0.03274470300670651,
    -0.030301558473729173,
    -0.04851488631587264,
    -0.03309784387731085,
    -0.05098819376198538,
    -0.04041029115782213,
    -0.028040785260067702,
    -0.0231409252833652,
    -0.046010177817844555,
    -0.020460075754917595,
    -0.023554988494250084,
    -0.024611867247424035,
    -0.017701885046796928,
    -0.024045211416520162,
    -0.03719889862421932,
    -0.017306083333782585,
    -0.01731609132443568,
    -0.025487192716614926,
    -0.021842374343307824,
    -0.028147427246356216,
    -0.027991946000740064,
    -0.033833758087679966,
    -0.023478850589047973,
    -0.021729059804422635,
    -0.021642885246647037,
    -0.02412105416536625,
    -0.022053076311082,
    -0.025253180320123247,
    -0.026948662375044785,
    0.0038620079935418605,
    0.002283375119604747,
    0.01644430044441081,
    0.0067209091980480196,
    0.02248725065327195,
    0.025901016310878155,
    0.026136813105509193,
    0.029934142322252,
    0.024748049721102672,
    0.012631482685717788,
    0.013434514236570383,
    0.02262441500675416,
    0.028387715290537963,
    0.02333952274957196,
    0.012768022805104362,
    0.01995444480345876,
    0.015358367653283467,
    0.017248267727346334,
    0.01786446236717265,
    0.02381983768722884,
    0.010424691427517674,
    0.022763399206657597,
    0.026949802382629673,
    0.014049592884551099,
    0.023128002550691473,
    0.02155979553336851,
    0.023398812416377535,
    0.024307545661634178,
    0.024954937295057045,
    0.024155909460524594,
    0.01822350481871904,
    0.02529338214641308
  ]
}