{
  "timestamp": "20260119_200109",
  "original_r2": 0.10768527759514168,
  "original_rmse": 100.47561165913342,
  "original_mae": 57.95439802270716,
  "optimized_r2": 0.5795572140799201,
  "optimized_rmse": 68.96918309216578,
  "optimized_mae": 48.81589053805166,
  "improvement": 0.47187193648477843,
  "improvement_percent": 438.1954033297374,
  "best_params": {
    "learning_rate": 0.16424933370394762,
    "max_depth": 19,
    "max_features": "log2",
    "min_samples_leaf": 9,
    "min_samples_split": 15,
    "n_estimators": 395,
    "subsample": 0.9521318895941269
  },
  "cv_r2_mean": 0.4228231416987773,
  "cv_r2_std": 0.34251495967822276,
  "top_features": {
    "diff_in_atomic_radii": 0.11556515708062545,
    "mean_atomic_radius": 0.0672823884292917,
    "diff_electronegativity": 0.06383314001946289,
    "comp_Co": 0.05775338213061338,
    "valence_electron": 0.05545466465934253,
    "comp_Fe": 0.05325821996528288,
    "std_electronegativity": 0.04409339654207351,
    "comp_Ni": 0.04398755077608488,
    "vec": 0.043541655081582024,
    "lambda": 0.0418863955090801
  }
}