{
  "LIN": {
    "test_r2": 0.3619068979232656,
    "test_rmse": 45.458735334352205,
    "test_mae": 32.607228116537826,
    "train_r2": 0.41475400049284095,
    "train_rmse": 42.9948635154297
  },
  "L": {
    "test_r2": 0.37122499463572234,
    "test_rmse": 45.12559687288254,
    "test_mae": 31.284988603200095,
    "train_r2": 0.3948992199986243,
    "train_rmse": 43.71809245264125
  },
  "R": {
    "test_r2": 0.34093634563100483,
    "test_rmse": 46.19968405713156,
    "test_mae": 31.95774569126552,
    "train_r2": 0.3589432345853223,
    "train_rmse": 44.99824663360755
  },
  "P": {
    "test_r2": -1.9368141816150932,
    "test_rmse": 97.52446103273738,
    "test_mae": 61.09815042325815,
    "train_r2": 0.8544895674162077,
    "train_rmse": 21.438500895584763
  },
  "KNN": {
    "test_r2": 0.02266227755780814,
    "test_rmse": 56.25973152376533,
    "test_mae": 44.44515076923077,
    "train_r2": 0.31738459688925325,
    "train_rmse": 46.433924372489116
  },
  "RF": {
    "test_r2": 0.565725444854804,
    "test_rmse": 37.50226657632258,
    "test_mae": 25.937860969085023,
    "train_r2": 0.8821527878390494,
    "train_rmse": 19.293321633133157,
    "feature_importance": {
      "density": 0.06427305235496039,
      "mean_atomic_radius": 0.032127231307488506,
      "std_atomic_radius": 0.031336880891690046,
      "max_atomic_radius": 0.017515629187757332,
      "min_atomic_radius": 0.022494966213500948,
      "delta_r": 0.031682992999584554,
      "mean_electronegativity": 0.08781093566225309,
      "std_electronegativity": 0.026067185887612986,
      "delta_chi": 0.031867019427230275,
      "vec": 0.08006307888171048,
      "mixing_entropy.1": 0.015390565567330405,
      "num_elements": 0.00661891687298987,
      "comp_Ti": 0.16636945478881462,
      "comp_Zr": 0.00283788480426399,
      "comp_Hf": 0.002031415308908405,
      "comp_Nb": 0.026748162681375094,
      "comp_Ta": 0.005497735606034897,
      "comp_V": 0.030233103479012775,
      "comp_Cr": 0.029374517361251486,
      "comp_Mo": 0.028005530864957405,
      "comp_W": 0.008186080560066571,
      "comp_Fe": 0.0228966897811385,
      "comp_Co": 0.0677393167471985,
      "comp_Ni": 0.051293973087279635,
      "comp_Cu": 0.02237764994356952,
      "comp_Al": 0.031138813679223207,
      "comp_Mn": 0.057453805646428664,
      "comp_Si": 2.9311715211848673e-05,
      "comp_Sn": 0.0005380986911560406
    }
  },
  "SVR": {
    "test_r2": 0.35679309610258414,
    "test_rmse": 45.640529386803436,
    "test_mae": 29.070716039473005,
    "train_r2": 0.516900353645118,
    "train_rmse": 39.063010248883955
  },
  "MLFFNN": {
    "test_r2": 0.4938653777245823,
    "test_rmse": 40.48632413009939,
    "test_mae": 29.041794691819412,
    "train_r2": 0.5530524727271978,
    "train_rmse": 37.57297791505055
  }
}