{
  "data_type": "combined",
  "timestamp": "20260119_194424",
  "feature_count": 35,
  "features": [
    "mean_atomic_radius",
    "std_atomic_radius",
    "max_atomic_radius",
    "min_atomic_radius",
    "delta_r",
    "radius_range_ratio",
    "mean_electronegativity",
    "std_electronegativity",
    "delta_chi",
    "vec",
    "mixing_entropy_calc",
    "mean_atomic_mass",
    "std_atomic_mass",
    "estimated_density",
    "num_elements",
    "comp_Ti",
    "comp_Zr",
    "comp_Hf",
    "comp_Nb",
    "comp_Ta",
    "comp_V",
    "comp_Cr",
    "comp_Mo",
    "comp_W",
    "comp_Fe",
    "comp_Co",
    "comp_Ni",
    "comp_Cu",
    "comp_Al",
    "comp_Mn",
    "comp_Si",
    "comp_Sn",
    "comp_Re",
    "comp_Ru",
    "comp_Pd"
  ],
  "models": {
    "LIN": {
      "test_r2": 0.11630731300396935,
      "test_rmse": 61.6958668051445,
      "test_mae": 40.55717250856406,
      "train_r2": 0.4510260208982366,
      "train_rmse": 40.4461949420129,
      "train_mae": 28.856973478555986,
      "cv_r2_mean": -0.1984605900445673,
      "cv_r2_std": 0.6741812969935393
    },
    "L": {
      "test_r2": 0.1468486544347115,
      "test_rmse": 60.6203556290524,
      "test_mae": 38.64035422982453,
      "train_r2": 0.41670974817306583,
      "train_rmse": 41.69117642572876,
      "train_mae": 28.76320255970977,
      "cv_r2_mean": 0.034117690528271405,
      "cv_r2_std": 0.4147785036662287
    },
    "R": {
      "test_r2": 0.10579414848779467,
      "test_rmse": 62.061775150205236,
      "test_mae": 39.502390998555164,
      "train_r2": 0.3821590593445392,
      "train_rmse": 42.9081838094317,
      "train_mae": 29.317557668532352,
      "cv_r2_mean": 0.09184592648751302,
      "cv_r2_std": 0.3003428600581015
    },
    "RF": {
      "test_r2": 0.17074550558614843,
      "test_rmse": 59.76533480884013,
      "test_mae": 35.5811470538386,
      "train_r2": 0.8295363962781636,
      "train_rmse": 22.538116716456575,
      "train_mae": 14.801313965893348,
      "cv_r2_mean": 0.38239210077371605,
      "cv_r2_std": 0.20591397799334402,
      "feature_importance": {
        "mean_atomic_radius": 0.02293464557706485,
        "std_atomic_radius": 0.01399104728468725,
        "max_atomic_radius": 0.015407025496532474,
        "min_atomic_radius": 0.012531438068468508,
        "delta_r": 0.01282993424396485,
        "radius_range_ratio": 0.020268453836110742,
        "mean_electronegativity": 0.07009572688742956,
        "std_electronegativity": 0.045568212631665245,
        "delta_chi": 0.03868001391322458,
        "vec": 0.04795621083858749,
        "mixing_entropy_calc": 0.01829525929325291,
        "mean_atomic_mass": 0.025988699159745235,
        "std_atomic_mass": 0.02267372718318644,
        "estimated_density": 0.07890990741774756,
        "num_elements": 0.0017275056187978424,
        "comp_Ti": 0.1957221052872705,
        "comp_Zr": 0.001850718371450304,
        "comp_Hf": 0.001583325480340172,
        "comp_Nb": 0.016221820088162996,
        "comp_Ta": 0.0010439011238487649,
        "comp_V": 0.003948180078567658,
        "comp_Cr": 0.021003807923340837,
        "comp_Mo": 0.028720960219212423,
        "comp_W": 0.006040490403272285,
        "comp_Fe": 0.0124762883881423,
        "comp_Co": 0.12760666176197286,
        "comp_Ni": 0.05339710922103597,
        "comp_Cu": 0.01779224595750694,
        "comp_Al": 0.01948752389267769,
        "comp_Mn": 0.044258948115603367,
        "comp_Si": 4.6927520441940466e-05,
        "comp_Sn": 0.000941178716687477,
        "comp_Re": 0.0,
        "comp_Ru": 0.0,
        "comp_Pd": 0.0
      }
    },
    "GB": {
      "test_r2": 0.09513606864770485,
      "test_rmse": 62.43053812680417,
      "test_mae": 37.4277362042632,
      "train_r2": 0.925051823788913,
      "train_rmse": 14.944532211494922,
      "train_mae": 5.270218678269393,
      "cv_r2_mean": 0.3066344878899322,
      "cv_r2_std": 0.4084410914179414,
      "feature_importance": {
        "mean_atomic_radius": 0.022701246266217633,
        "std_atomic_radius": 0.01052404495710185,
        "max_atomic_radius": 0.0168594326116037,
        "min_atomic_radius": 0.008773954727016794,
        "delta_r": 0.021420493596382123,
        "radius_range_ratio": 0.016253161059734327,
        "mean_electronegativity": 0.16456987838098058,
        "std_electronegativity": 0.0380943900269051,
        "delta_chi": 0.05755810462007177,
        "vec": 0.04093112994858671,
        "mixing_entropy_calc": 0.008167835408865521,
        "mean_atomic_mass": 0.01412240959787152,
        "std_atomic_mass": 0.02486669924964964,
        "estimated_density": 0.08563598961839614,
        "num_elements": 0.00018964884971802874,
        "comp_Ti": 0.20556563666698704,
        "comp_Zr": 0.005578321609567566,
        "comp_Hf": 0.00085256127144589,
        "comp_Nb": 0.0072228517739385935,
        "comp_Ta": 0.0015929541342772791,
        "comp_V": 0.0019168816939485235,
        "comp_Cr": 0.02825036630106724,
        "comp_Mo": 0.021919388920559026,
        "comp_W": 0.0019306920803878434,
        "comp_Fe": 0.01440837789189793,
        "comp_Co": 0.11104152999103228,
        "comp_Ni": 0.03072261197916889,
        "comp_Cu": 0.007605871195378776,
        "comp_Al": 0.015921555406709368,
        "comp_Mn": 0.010993181848122638,
        "comp_Si": 1.2727983798480129e-05,
        "comp_Sn": 0.0037960703326111907,
        "comp_Re": 0.0,
        "comp_Ru": 0.0,
        "comp_Pd": 0.0
      }
    },
    "SVR": {
      "test_r2": 0.2125581400571428,
      "test_rmse": 58.23910452883293,
      "test_mae": 34.43569075786569,
      "train_r2": 0.4785583479076789,
      "train_rmse": 39.41891356567798,
      "train_mae": 21.279531261388698,
      "cv_r2_mean": 0.04975463958282296,
      "cv_r2_std": 0.0733258194364825
    }
  }
}