{
  "best_params": {
    "max_depth": 10,
    "max_features": null,
    "min_samples_leaf": 1,
    "min_samples_split": 2,
    "n_estimators": 50
  },
  "train_r2": 0.8821597576369012,
  "test_r2": 0.5512306837164156,
  "train_rmse": 19.292751095495895,
  "test_rmse": 38.122985345398945,
  "train_mae": 12.610663849540416,
  "test_mae": 25.79215797440446,
  "cv_mean_r2": 0.4389389532779342,
  "cv_std_r2": 0.15456786088651162,
  "overfitting": 0.33092907392048565,
  "feature_importance": {
    "density": 0.06013756277299291,
    "mean_atomic_radius": 0.02580643863093119,
    "std_atomic_radius": 0.024211484783954355,
    "max_atomic_radius": 0.023299828523695484,
    "min_atomic_radius": 0.024436195132043058,
    "delta_r": 0.03513408521701986,
    "mean_electronegativity": 0.10237403520675625,
    "std_electronegativity": 0.026508994977408794,
    "delta_chi": 0.02919923482335832,
    "vec": 0.08041459081024398,
    "mixing_entropy.1": 0.014048212799458044,
    "num_elements": 0.0009509798320192665,
    "comp_Ti": 0.1471402878899661,
    "comp_Zr": 0.003826564295432068,
    "comp_Hf": 0.0023831368646313245,
    "comp_Nb": 0.035604613480496,
    "comp_Ta": 0.0055811723519318835,
    "comp_V": 0.028440140818526458,
    "comp_Cr": 0.023703721629767333,
    "comp_Mo": 0.03151870934333042,
    "comp_W": 0.008317240427919025,
    "comp_Fe": 0.02507568614516352,
    "comp_Co": 0.06953073911817813,
    "comp_Ni": 0.05191725184363933,
    "comp_Cu": 0.024668582949999972,
    "comp_Al": 0.031209878886759954,
    "comp_Mn": 0.06343280931439732,
    "comp_Si": 5.310516031568129e-05,
    "comp_Sn": 0.0010747159696639782
  }
}