{
  "timestamp": "20260119_195824",
  "original_r2": 0.49349832355228274,
  "original_rmse": 61.98501029274562,
  "original_mae": 39.92127341589532,
  "optimized_r2": 0.5632590866563496,
  "optimized_rmse": 57.558328445244626,
  "optimized_mae": 41.974738163494834,
  "improvement": 0.06976076310406687,
  "improvement_percent": 14.13596759598236,
  "best_params": {
    "learning_rate": 0.1436356993870988,
    "max_depth": 10,
    "max_features": "log2",
    "min_samples_leaf": 6,
    "min_samples_split": 4,
    "n_estimators": 214,
    "subsample": 0.9461098273618603
  },
  "cv_r2_mean": 0.15738228345032254,
  "cv_r2_std": 0.3146461961212343,
  "feature_importance": {
    "mixing_entropy": 0.05708470442414159,
    "mixing_enthalpy": 0.029224345888814274,
    "valence_electron": 0.051254725686804455,
    "diff_in_atomic_radii": 0.09488552850813538,
    "diff_electronegativity": 0.05492595812758767,
    "omega": 0.022827676643902225,
    "lambda": 0.037479722653774854,
    "mean_atomic_radius": 0.04066517484302157,
    "std_atomic_radius": 0.019615818425401006,
    "max_atomic_radius": 0.008865509007502248,
    "min_atomic_radius": 0.04115691856159949,
    "delta_r": 0.03303192806272613,
    "radius_range_ratio": 0.04819146938938597,
    "mean_electronegativity": 0.018605564009938177,
    "std_electronegativity": 0.012953944612803756,
    "delta_chi": 0.024780195249605622,
    "vec": 0.013601792298110931,
    "mixing_entropy_calc": 0.006586039134555756,
    "mean_atomic_mass": 0.05246631148035645,
    "std_atomic_mass": 0.015523663144642656,
    "estimated_density": 0.05211294325260441,
    "num_elements": 0.018090046336909252,
    "comp_Ti": 0.003369242555560106,
    "comp_Zr": 7.583910161160927e-05,
    "comp_Hf": 0.0,
    "comp_Nb": 0.0,
    "comp_Ta": 0.007762124181063569,
    "comp_V": 0.033334300361179355,
    "comp_Cr": 0.02164990141618044,
    "comp_Mo": 0.00013893616262730898,
    "comp_W": 0.00029740231705358667,
    "comp_Fe": 0.010000544590029536,
    "comp_Co": 0.024689706308763517,
    "comp_Ni": 0.0602716109923327,
    "comp_Cu": 0.06029452549599637,
    "comp_Al": 0.01920332767876519,
    "comp_Mn": 0.004982559096512876,
    "comp_Si": 0.0,
    "comp_Sn": 0.0,
    "comp_Re": 0.0,
    "comp_Ru": 0.0,
    "comp_Pd": 0.0
  }
}