{
  "model": "cgcnn",
  "test_r2": 0.21867523278910883,
  "test_rmse": 50.380699157714844,
  "test_mae": 29.902782440185547,
  "train_losses": [
    150.07977294921875,
    159.91696166992188,
    163.64812622070312,
    151.3104675292969,
    163.2323455810547,
    121.09752101898194,
    148.64080200195312,
    143.11666564941407,
    113.44446983337403,
    151.5508590698242,
    124.09005737304688,
    123.87337646484374,
    122.43234405517578,
    89.36002731323242,
    92.7814224243164,
    91.13785858154297,
    70.63219299316407,
    77.58678436279297,
    62.39531555175781,
    55.64007034301758,
    57.656864166259766,
    41.52417068481445,
    36.9199935913086,
    42.13662948608398,
    41.36847686767578,
    39.18265914916992,
    34.05251693725586,
    34.941457748413086,
    37.23318252563477,
    41.94231262207031,
    34.81390609741211,
    43.51836929321289,
    38.773336029052736,
    30.743637466430663,
    31.716600036621095,
    33.86767730712891,
    34.86679916381836,
    74.16706199645996,
    29.52760543823242,
    36.66429595947265,
    30.300967025756837,
    34.28153839111328,
    34.853278732299806,
    34.60885467529297,
    35.673764038085935,
    29.271531677246095,
    51.42273025512695,
    27.718548583984376,
    34.69579734802246,
    31.786051177978514,
    31.277272415161132,
    27.512381744384765,
    28.927544021606444,
    31.542472457885744,
    26.882249069213866,
    27.598977661132814,
    31.26087417602539,
    32.886609649658205,
    27.295094680786132,
    30.747935485839843,
    26.74645576477051,
    26.841016387939455,
    28.96307487487793,
    32.78704261779785,
    41.499413299560544,
    25.831800842285155,
    30.21853561401367,
    25.385329818725587,
    25.350909805297853,
    28.519160079956055,
    24.603504180908203,
    32.70191268920898,
    28.34270896911621,
    37.021998977661134,
    33.20010414123535,
    28.033903884887696,
    25.723740768432616,
    24.35315818786621,
    24.07825126647949,
    23.22205696105957,
    63.11083335876465,
    24.544577026367186,
    33.19545631408691,
    30.769252395629884,
    27.31277389526367,
    20.87182731628418,
    29.297988891601562,
    31.363478469848634,
    24.118038940429688,
    23.404333877563477,
    29.062350845336915,
    59.05509490966797,
    23.718800354003907,
    25.03895683288574,
    26.25443305969238,
    23.481012725830077,
    25.376628112792968,
    35.07551803588867,
    26.593296813964844,
    23.942497634887694,
    28.44257698059082,
    21.18822364807129,
    20.096879920363428,
    27.865013122558594,
    20.257004165649413,
    28.77959327697754,
    25.114239501953126,
    43.68760032653809,
    27.70782051086426,
    23.303588485717775,
    24.65921096801758,
    24.028117752075197,
    26.24081687927246,
    23.582521057128908,
    32.00887031555176,
    21.89989471435547,
    26.870555114746093,
    21.24892349243164,
    21.494005966186524,
    25.688588333129882,
    22.95631332397461,
    21.418479919433594,
    21.337937545776366,
    28.57163429260254,
    25.544029998779298,
    21.93547668457031,
    23.42292594909668,
    22.424969100952147,
    26.025053787231446,
    25.794554138183592,
    25.311741256713866,
    39.31470565795898,
    25.5626579284668,
    21.01152114868164,
    21.76643600463867
  ],
  "val_losses": [
    156.12257385253906,
    154.19186401367188,
    151.89820861816406,
    149.1563720703125,
    145.91073608398438,
    142.19187927246094,
    138.03140258789062,
    133.39923095703125,
    128.29518127441406,
    122.74212646484375,
    116.6731185913086,
    110.13652038574219,
    103.11289978027344,
    95.63105773925781,
    87.76981353759766,
    80.65182495117188,
    73.82958221435547,
    66.63740539550781,
    59.84928512573242,
    54.39208984375,
    50.180992126464844,
    47.30426025390625,
    45.96003341674805,
    45.25320816040039,
    45.09036636352539,
    45.56305694580078,
    44.99493408203125,
    44.63410949707031,
    43.44548034667969,
    44.61667251586914,
    54.120704650878906,
    42.564125061035156,
    39.25884246826172,
    39.825923919677734,
    41.955780029296875,
    40.119911193847656,
    38.47852325439453,
    38.420494079589844,
    38.246673583984375,
    38.92927169799805,
    37.54365539550781,
    36.97064208984375,
    39.41590118408203,
    38.014949798583984,
    39.462806701660156,
    39.93791580200195,
    39.898780822753906,
    38.596221923828125,
    37.728515625,
    37.924537658691406,
    36.827857971191406,
    37.37171936035156,
    36.60551452636719,
    36.37147521972656,
    36.483367919921875,
    36.09606170654297,
    37.59811019897461,
    36.151031494140625,
    35.38075256347656,
    36.700199127197266,
    35.071292877197266,
    34.737823486328125,
    35.11117172241211,
    35.10553741455078,
    34.42149353027344,
    35.2940673828125,
    33.836570739746094,
    34.00669860839844,
    34.122283935546875,
    33.0192985534668,
    32.61821746826172,
    31.670711517333984,
    32.952857971191406,
    32.371925354003906,
    33.741363525390625,
    32.34489059448242,
    32.331214904785156,
    32.8596305847168,
    31.051982879638672,
    33.27772521972656,
    33.295372009277344,
    31.063491821289062,
    31.109302520751953,
    32.17876434326172,
    31.212406158447266,
    32.535118103027344,
    31.339019775390625,
    34.09580993652344,
    32.287322998046875,
    31.25182342529297,
    31.23370361328125,
    31.797971725463867,
    31.011371612548828,
    30.673715591430664,
    30.02036476135254,
    30.329824447631836,
    31.06386375427246,
    29.94124412536621,
    31.046205520629883,
    30.50788688659668,
    30.150859832763672,
    29.667245864868164,
    31.420398712158203,
    32.25358581542969,
    29.295352935791016,
    29.36090087890625,
    31.719757080078125,
    30.810104370117188,
    31.106185913085938,
    30.299474716186523,
    32.153743743896484,
    29.733444213867188,
    30.925872802734375,
    31.670989990234375,
    30.25942611694336,
    30.740699768066406,
    31.75087547302246,
    32.47274398803711,
    30.954683303833008,
    30.322874069213867,
    29.590538024902344,
    30.47183609008789,
    31.520702362060547,
    32.198978424072266,
    32.286766052246094,
    30.08978271484375,
    31.63226890563965,
    31.193920135498047,
    30.7266788482666,
    31.18914031982422,
    30.267276763916016,
    30.082122802734375,
    30.110549926757812,
    30.490379333496094,
    30.622638702392578
  ],