{
  "model": "deeponet",
  "test_r2": 0.2752751691573715,
  "test_rmse": 75.67578125,
  "test_mae": 53.07987976074219,
  "train_losses": [
    90.42902730116204,
    57.85069479871152,
    56.66527030717081,
    56.497536388795766,
    56.15134612126137,
    55.96192236088995,
    55.84019242471724,
    55.73421973612771,
    55.091997260478,
    55.17669301958227,
    55.26033743103938,
    54.949142484522575,
    54.87192711901309,
    54.78857458883257,
    54.897697804579096,
    54.59041515748892,
    54.436044522185824,
    54.54383870025179,
    54.09296084162015,
    54.661901018512786,
    54.25930638099784,
    54.35928165378855,
    54.20787082501312,
    53.94905756480658,
    53.694775310914906,
    53.93621846099398,
    53.670826527609755,
    53.82649415998316,
    53.9562886793222,
    53.84976039715667,
    53.94526572725666,
    53.73206120106711,
    53.56527806751764,
    53.53476214053026,
    53.048150902363794,
    52.99679058701245,
    53.24316080292659,
    53.34240628712213,
    53.018625686417764,
    53.26062902763708,
    53.06338546525186,
    53.12394720049047,
    53.129889146605535,
    52.831077404876254,
    53.00263550032431,
    52.94810343500394,
    52.86519582947688,
    52.89810482423697,
    52.72540965009092,
    53.04378002793042,
    52.734915804507125,
    52.459536595131034,
    52.742869932260085,
    52.81407139906243,
    52.7171090538822,
    52.72442180007251,
    52.83055447820407,
    52.98355515323468,
    52.5962811655073,
    52.61321389497216,
    52.843384600397364,
    52.66875002277431,
    52.56951426036322,
    52.40162914902417,
    52.74356016472204,
    52.52183383258421,
    52.659352829207236,
    52.642471370412345,
    52.495606849442666,
    52.563440664490656,
    52.28790764310467,
    52.61791909630619,
    52.33006780538986,
    52.51596988848786,
    52.53337461556961,
    52.73061171574379,
    52.270275486049364,
    52.38188313726169,
    52.654733401625904,
    52.05779340373936,
    52.14868855832228,
    52.147734741666426,
    52.219180377561656,
    51.90432428957811,
    52.04606799225309,
    52.400808419754256,
    51.96409140060197,
    51.84946460154519,
    52.18154978396288,
    52.39817528226482,
    52.01042317632419,
    51.91839178284602,
    51.93729289609995,
    51.905690976043246,
    51.71751457897585,
    51.612564229253515,
    51.967831739738806,
    51.81728079781603,
    51.90350398732655,
    51.682691232482,
    52.089373745135404,
    51.74099536440266,
    51.96896715306524,
    51.7618548265144,
    51.63661985254999,
    51.72032045962206,
    51.44275434693294,
    51.39572086618907,
    51.65733530983996,
    51.819990072677385,
    51.45340224878112,
    51.678408153021515,
    51.67305758462023,
    51.478042915685855,
    51.69762580074481,
    51.86915985505972,
    51.57478871986048,
    51.618586298245106,
    51.543540954589844,
    51.75079638922392,
    51.691305203224296,
    52.07163116113463,
    51.51413733923613,
    51.75464573191173,
    51.54424395490049
  ],
  "val_losses": [
    58.503934523638556,
    54.057061812456915,
    53.31838495591108,
    56.03010491763844,
    56.108489092658544,
    59.879932291367474,
    53.14151853673599,
    53.996897753547216,
    53.92265880809111,
    52.79203538333668,
    52.52528852574966,
    52.33529943578384,
    52.66936470480526,
    52.34480532477884,
    52.44531833424288,
    52.35837375416475,
    51.983299255371094,
    52.31261960197897,
    52.092699499691236,
    52.25946605906767,
    52.38915802450741,
    53.0325169282801,
    51.70845413208008,
    52.199964859906366,
    52.04100462969612,
    52.05323140761431,
    52.31290121639476,
    52.18825239293716,
    52.080914441277,
    52.67978623334099,
    52.293106752283435,
    52.395008984734034,
    52.12779662188362,
    52.2040158440085,
    52.177858016070196,
    51.333130443797394,
    51.48595877254711,
    52.021366231581744,
    51.748079636517694,
    51.63713410321404,
    51.36345336016487,
    52.292922749238855,
    51.85695468678194,
    51.34410386926987,
    51.29682507234461,
    51.514949798583984,
    51.58560449936811,
    51.76623939065372,
    51.9041862487793,
    51.32207892922794,
    51.162712545955884,
    51.282006207634424,
    51.85632122264189,
    51.22397478889017,
    51.64543017219095,
    51.50050735473633,
    51.29577760135426,
    51.15659197639017,
    51.254446478451,
    51.6826047336354,
    51.24043991986443,
    51.59428046731388,
    51.705526015337774,
    51.501602060654584,
    51.47383252312155,
    51.24148021024816,
    51.15734167659984,
    51.095971051384424,
    51.76428783641142,
    51.68926104377298,
    52.35545640833237,
    51.51383803872501,
    51.49407263363109,
    52.16249174230239,
    51.640604355755976,
    51.24471630769617,
    51.358893899356616,
    51.495148602653956,
    51.87173080444336,
    51.078379911534924,
    51.07621473424575,
    50.98184248980354,
    51.1050958072438,
    51.077115675982306,
    51.18417818406049,
    51.3615343430463,
    50.99459367639878,
    51.46032266055836,
    51.045567119822785,
    51.19740542243509,
    51.21090249454274,
    51.31269196903004,
    51.01398019229664,
    50.998624577241785,
    50.93474130069508,
    51.132123834946576,
    50.943342096665326,
    51.0140116074506,
    50.997497109805835,
    51.06723347832175,
    51.14112741806928,
    51.02380124260397,
    51.02044587976792,
    50.96129103267894,
    51.20199068854837,
    51.20679249482996,
    50.989410400390625,
    51.05003906698788,
    50.99008907991297,
    50.97916143080767,
    51.02790866178625,
    51.032118180218866,
    51.03154945373535,
    51.02799337050494,
    50.99735978070427,
    50.97880217608284,
    51.02935364667107,
    51.014760971069336,
    51.00765261930578,
    51.02061798993279,
    50.986972472246954,
    51.01135321224437,
    51.002363092759076,
    50.97588483025046,
    51.08272451512954
  ],