{
  "model": "fno",
  "test_r2": 0.2432818067530429,
  "test_rmse": 77.32811737060547,
  "test_mae": 53.45686340332031,
  "train_losses": [
    114.81003137844712,
    62.70602807002281,
    56.73829030278903,
    55.62568516517753,
    55.479917981731354,
    55.51846558300417,
    55.57073971762586,
    55.07774367261289,
    54.9833335307107,
    54.43790640759824,
    54.702822642539864,
    54.28552365658888,
    54.69922111283487,
    55.01728991608122,
    54.66177869198927,
    54.50945216506275,
    54.439647190606415,
    54.209373360249536,
    54.24652734443323,
    53.93179822323927,
    54.51452998260954,
    54.41772181952177,
    54.56460132883556,
    53.919036352812356,
    54.14529666615956,
    54.00552926134707,
    54.4372452977878,
    53.83615742868452,
    53.53781594803084,
    54.2879609919306,
    54.06559955539988,
    53.95652099153889,
    54.064388275146484,
    54.205137622890184,
    53.914053304871516,
    54.25484671521543,
    53.777648299487666,
    54.08305111216075,
    53.81969853301546,
    54.09496130872129,
    53.862682769547646,
    54.04324975654261,
    53.544035584179326,
    53.960907480609954,
    53.31008216516295,
    53.89928820595812,
    54.125314883331754,
    53.652206193155315,
    53.507032949533034,
    53.89328814264554,
    53.545673825847565,
    54.023558773211576,
    53.86815011323388,
    53.482486411706724,
    53.756235948249476,
    53.860231029453566,
    53.09207029484991,
    53.335195399042384,
    53.90546906884037,
    53.53593621325137,
    52.84731749634245,
    53.30818019696136,
    53.206304906019525,
    53.32377822363554,
    53.334428872635115,
    53.1311568217491,
    53.25989330348684,
    53.149500149399486,
    53.002119576753074,
    53.13195151713357,
    53.47741858638934,
    53.231001925112594,
    52.91692568650886,
    53.31148375326128,
    52.865383689083274,
    53.12935140239659,
    52.72474698878046,
    52.94631434198636,
    52.89270818055566,
    52.92697788352397,
    52.94076048438229,
    52.81426120871928
  ],
  "val_losses": [
    75.17451858520508,
    54.73229419483858,
    53.40023556877585,
    53.67318478752585,
    53.94412309983198,
    54.07673667458927,
    53.02500489178826,
    52.992989147410675,
    54.13806006487678,
    54.541120416977826,
    52.15779136208927,
    52.16829389684341,
    52.752302057602826,
    53.23432249181411,
    52.447804170496326,
    53.857698777142694,
    55.61323581022375,
    52.58281550687902,
    54.91817844615263,
    51.69272467669319,
    52.60160311530618,
    52.32758118124569,
    52.76863614250632,
    52.423045438878674,
    51.174304737764245,
    51.14657951803768,
    52.306997299194336,
    51.442351397346044,
    51.40752971873564,
    51.90400931414436,
    51.530450035544,
    52.949417787439685,
    51.121854445513556,
    51.543085659251496,
    52.16628411236931,
    51.03689395680147,
    51.42412746653837,
    51.922160877900964,
    51.20930705350988,
    51.80281751296099,
    50.714827369241156,
    51.420897988712085,
    50.877748377182904,
    51.620528052834906,
    51.200630748973175,
    52.41668847027947,
    50.835495219511145,
    51.21461397058823,
    53.373240302590766,
    51.04085204180549,
    51.20018431719612,
    50.6439645430621,
    51.328846875359034,
    52.25603933895336,
    51.457118539249194,
    51.1830213210162,
    51.46542100345387,
    51.518633000990924,
    52.116315729477826,
    51.658834120806524,
    51.309838463278375,
    53.45362551072065,
    50.78094729255228,
    51.17975414500517,
    50.95462215647978,
    51.007043950697955,
    51.027372023638556,
    51.44984907262466,
    50.799109290627875,
    50.86398135914522,
    51.0880615009981,
    51.09016081866096,
    50.8302635866053,
    50.80177890553194,
    50.8852430231431,
    51.553512685439166,
    51.541017307954675,
    50.9400032267851,
    50.85104818905101,
    50.861741683062384,
    51.43692532707663,
    51.15466510548311
  ],
  "train_r2s": [
    -1.795980455916876,
    -0.06599218425623166,
    0.14820293418045094,
    0.17142308487797453,
    0.17122489598025636,
    0.16564826623805684,
    0.17086808618053517,
    0.18807401005964675,
    0.18764348343613935,
    0.1920699252569319,
    0.18755249924578044,
    0.19611214555319367,
    0.1885534782474374,
    0.18158026869233934,
    0.19514009639622076,
    0.19754909984263314,
    0.19244857790381498,
    0.19650565269893316,
    0.20238900170947094,
    0.20564319595371439,
    0.1983202331924765,
    0.19170513769905628,
    0.1904019780045212,
    0.2081366453536746,
    0.20014471006725454,
    0.20138803607025624,
    0.19425879472068452,
    0.20650625465459194,
    0.20909788800956164,
    0.19959245162363104,
    0.2086125575913378,
    0.20802404239943195,
    0.19974695966256595,
    0.19835333444648295,
    0.20832247263300352,
    0.2000218604347962,
    0.20932021630292463,
    0.20132240562697845,
    0.20224191844555206,
    0.20369774541023733,
    0.21237595759641537,
    0.202799652813064,
    0.21196090688132585,
    0.19953886067368498,
    0.21483597232675178,
    0.21028331379127008,
    0.2023000948610496,
    0.21448883890942472,
    0.21926241478250064,
    0.20029421730896424,
    0.20939670653248332,
    0.19983126658948702,
    0.20675167430032215,
    0.21282991263740392,
    0.20928974565228586,
    0.20666380378045224,
    0.22009563133192234,
    0.2144575063994234,
    0.19477309217824157,
    0.2094123550508321,
    0.216216996477537,
    0.2082436457113166,
    0.21766533071242733,
    0.2136920686040319,
    0.22106356293722385,
    0.2163013798740393,
    0.21841115447632675,
    0.22555920459489165,
    0.22747250382980522,
    0.22090072953088635,
    0.20958713069810053,
    0.2177410970489677,
    0.22139967314061348,
    0.21539105879791076,
    0.22997933370194923,
    0.21885076748344,
    0.22086289812748605,
    0.22047251220543196,
    0.22558428078075887,
    0.22820457366870628,
    0.21973049719195203,
    0.22040411308355456
  ],