{
  "model": "pinns",
  "test_r2": 0.40254816344522515,
  "test_rmse": 68.71028900146484,
  "test_mae": 45.78251647949219,
  "train_losses": [
    123.29769800670111,
    106.42446330056262,
    91.34523001713539,
    79.94233208271994,
    72.44546665362458,
    68.7570660719231,
    67.17142472338321,
    66.99214676244935,
    62.42527956037379,
    61.218416157053476,
    60.46223068237305,
    60.347001602400596,
    59.605401708118954,
    59.14967186771222,
    58.69996637372828,
    57.97075964799568,
    57.727314365443895,
    57.19481869597933,
    56.48483825797465,
    56.077886951503466,
    55.781928731434384,
    55.546135475386436,
    55.061982197548026,
    54.659746668232025,
    54.41107041088503,
    53.967012263056056,
    53.73968380600659,
    52.96032646520814,
    53.12420426553755,
    52.64423777452156,
    52.28542021851042,
    51.96403059318884,
    51.64350102552727,
    51.57893838455428,
    51.116921239824435,
    51.115402591762255,
    50.51809643987399,
    50.37957636989764,
    50.19688351474591,
    49.91236286732688,
    49.45083814592504,
    49.546009476505105,
    49.42346350826434,
    49.16686314255444,
    49.38547850366849,
    48.94589270406694,
    48.751544383034776,
    48.898673128725875,
    48.832140523995925,
    48.39146789152231,
    48.63353030361346,
    48.19472388367155,
    48.66538338163006,
    48.18069312821573,
    48.24323493331226,
    48.505950927734375,
    47.725440580453444,
    47.63064098358154,
    47.771578020124295,
    47.3711200543304,
    46.96046635641981,
    47.02472671110239,
    47.07453962582261,
    46.873893196903055,
    46.67854948186163,
    46.11200674256282,
    46.686709617500874,
    46.18606960239695,
    46.63714236643777,
    46.32658322177716,
    46.40289335108515,
    46.33582169262331,
    46.51892896908433,
    46.42268632063225,
    45.85241749037558,
    45.93369748699131,
    45.520941478102955,
    45.57701429680212,
    45.63378587409632,
    45.80632238245722,
    45.36923519533072,
    45.193276206059245,
    45.23882699368605,
    45.558091078231584,
    45.58561198391131,
    45.064534856312314,
    45.674077347143374,
    45.199834282718484,
    44.74778276415014,
    45.101324778884205,
    45.08688549497234,
    44.95549330070837,
    44.99680352566847,
    44.931140714616916,
    44.846109689171634,
    44.81200149877748,
    44.54616254834986,
    44.748323554423315,
    44.565251307701,
    44.45214695716972,
    44.762042771524456,
    44.614258780408264,
    44.35730189707742,
    44.3501379667823,
    44.86011004092089,
    44.42577604037612,
    43.97231379551674,
    43.815728443772045,
    43.63778196875729,
    43.786717187112835,
    43.47596920070364,
    43.62399126878425,
    43.9273773307231,
    43.68980164314384,
    43.31655630424841,
    43.75674706074729,
    43.52195990263526,
    43.709671419058274,
    43.709661256021526,
    43.401855596855505,
    43.41916082866156,
    43.100899554010645,
    42.98502359817277,
    42.97276745981245,
    43.05639918882456,
    42.626664944549105,
    43.101136221814514,
    42.74317398355968,
    43.062499871894495,
    42.78630602537696,
    42.91816873692755,
    43.00335744601577,
    42.77919579975641,
    42.67417924795578,
    42.60159799945888,
    42.70353515112578,
    42.49412821299994,
    42.534296761697796,
    42.81616042976949,
    42.844079900143754,
    42.63971567865628
  ],
  "val_losses": [
    109.00978941075942,
    92.70773494944854,
    79.7360543643727,
    70.99571317784927,
    66.0273105396944,
    64.19401079065659,
    64.0607001360725,
    60.63619456571691,
    58.695370842428765,
    57.64372208539177,
    57.42875738704906,
    57.20762903550092,
    58.23003948436064,
    57.89937658870922,
    56.38108017865349,
    55.52720372817095,
    55.181159748750574,
    54.782027525060315,
    54.37743445003734,
    54.06730427461512,
    54.547674515668085,
    53.499095019172216,
    53.281433554256665,
    53.768919103285846,
    53.394287109375,
    52.980512506821576,
    52.59400737986845,
    52.57855897791245,
    51.69980307186351,
    52.27416408763212,
    52.13139971564798,
    51.2212921591366,
    50.91602347878849,
    50.86796749339384,
    51.0684616986443,
    50.921800052418426,
    50.49481403126436,
    50.639959671918085,
    50.331899755141315,
    49.880899765912226,
    49.83381697710823,
    49.847597907571235,
    50.07349732342888,
    50.12507629394531,
    50.438947565415326,
    49.93687753116383,
    50.62292233635397,
    50.12527981926413,
    50.26645436006434,
    49.13354357551126,
    49.32676651898552,
    49.50192978802849,
    49.366400101605585,
    49.008255678064685,
    49.272158678840185,
    49.36800788430607,
    49.38688884061926,
    49.02260387645048,
    48.7183837890625,
    48.45530274335076,
    47.410842671113855,
    47.226108999813306,
    47.69433683507583,
    47.264869689941406,
    47.24624162561753,
    46.604133381563074,
    46.51758687636431,
    46.98609296013327,
    47.06392490162569,
    46.513879663804,
    47.28054495418773,
    49.90175224752987,
    47.31685773064108,
    47.30280438591452,
    47.080596026252294,
    48.13067065968233,
    46.58757445391487,
    46.21634449678309,
    46.27840244068819,
    46.26458829991958,
    46.957918503705194,
    47.17396141501034,
    46.437319587258735,
    46.35819199505974,
    46.681948493508735,
    46.36077454510857,
    46.18149746165556,
    46.12126832849839,
    46.40172576904297,
    46.47418796314913,
    46.804992226993335,
    45.68724621043486,
    46.532020793241614,
    45.59544574513155,
    45.47856544045841,
    46.30509791654699,
    46.076240090762866,
    45.91661273731905,
    45.58963371725643,
    46.070336510153375,
    45.88401076372932,
    45.66220507902258,
    45.8381809907801,
    45.48828618666705,
    46.16005863862879,
    45.883599898394415,
    45.43613613353056,
    45.82192364860983,
    45.29983150257784,
    45.36421102636001,
    44.40663102093865,
    44.670885534847486,
    44.94075191722197,
    45.39451262530159,
    45.18417549133301,
    45.22312871147604,
    45.05483560001149,
    45.56535294476677,
    44.93477540857651,
    44.97983932495117,
    45.46796058205997,
    44.55617220261518,
    44.8957452213063,
    44.965424930348114,
    45.06456980985754,
    44.6762949999641,
    44.590042002060834,
    44.80080817727482,
    44.97076315038345,
    44.430226494284234,
    44.733483595006604,
    44.56121635437012,
    44.82229681576,
    44.408169241512525,
    44.79411158842199,
    44.6512253705193,
    44.79755424050724,
    44.62949640610639,
    44.50853269240435,
    44.54873365514419,
    44.44900535134708
  ],