{
  "model": "GNN",
  "test_r2": 0.39620053522371645,
  "test_rmse": 44.28888702392578,
  "test_mae": 32.33685302734375,
  "train_losses": [
    2971.6341010199653,
    2829.349004957411,
    3828.058648003472,
    3027.2059461805557,
    2815.7197219000923,
    4770.409573025174,
    3034.638387044271,
    2825.4664713541665,
    3597.4837646484375,
    3638.7517700195312,
    3079.007717556424,
    2956.8196072048613,
    2905.517781575521,
    3081.2208116319443,
    2709.895992702908,
    2701.989919026693,
    2859.2052408854165,
    2865.0828857421875,
    2746.577189127604,
    2622.49831644694,
    2647.88230726454,
    2709.7931925455728,
    2675.533059430826,
    2777.6514994303384,
    8422.238498263889,
    2753.084716796875,
    2740.6709187825522,
    2784.8888956705728,
    3666.528550889757,
    2549.128423055013,
    2562.8929680718315,
    2532.774424764845,
    2864.60693359375,
    2567.740681966146,
    2605.256340874566,
    2530.2238734695648,
    2676.5400594075522,
    2816.337660047743,
    2442.1471269395615,
    2436.045132107205,
    2509.5086873372397,
    2516.8787773980034,
    2936.134914822049,
    2617.796875,
    2512.339562310113,
    3031.9634874131943,
    2406.501419067383,
    2422.0267469618057,
    2398.239162868924,
    3187.418212890625,
    2386.612664964464,
    2322.497405158149,
    2551.799126519097,
    2554.8924967447915,
    3267.787258572049,
    2472.0682847764756,
    2421.298055013021,
    2287.92863951789,
    2324.560584174262,
    2382.374660915799,
    2324.801300048828,
    2185.212871127658,
    2254.4784410264756,
    2254.1428841484917,
    2194.7810414632163,
    2199.764412668016,
    2237.4446171654595,
    2438.064900716146,
    2288.874688890245,
    2344.202195909288,
    2213.8642857869468,
    2263.0290830400254,
    2542.9417114257812,
    2225.217207166884,
    2818.5655110677085,
    2195.102043999566,
    2914.9225396050347,
    2060.7101542154946,
    2267.2581244574653,
    2146.8942515055337,
    2031.74498240153,
    2173.4534369574653,
    2487.8653174506294,
    2308.7622748480903,
    2531.116414388021,
    2245.11178249783,
    2032.4951578776042,
    2033.6094767252605,
    2213.3943549262153,
    2153.87398952908,
    2009.6566975911458,
    1964.8652631971572,
    2071.1770222981772,
    6928.789001464844,
    2099.1409946017793,
    1949.868413925171,
    1952.3175616794163,
    1932.8703392876519,
    1990.596896701389,
    1920.032975938585,
    1886.3216033511692,
    1925.6072307162815,
    1908.8846147325303,
    2500.732408311632,
    1909.8382152981228,
    1970.4974399142795,
    3314.77542453342,
    2016.024875217014,
    2014.9679633246528,
    3861.708048502604,
    2725.6312120225693,
    1844.942359076606,
    1959.8595818413628,
    2012.140333387587,
    1857.8848876953125,
    1787.9706683688694,
    2085.020164489746,
    1924.0847584936355,
    1907.564934624566,
    2000.3556382921006,
    1869.2511285146077,
    1946.0118408203125,
    2044.084226820204,
    1845.7936028374565,
    2377.9161037868926,
    2011.7786051432292,
    2933.1228298611113,
    1845.1668972439236,
    1718.854926639133,
    1767.021043565538,
    1760.3015656305683,
    2241.7870936923555,
    2056.5282524956597,
    1786.1154446072048,
    1737.160881890191,
    1583.626162317064,
    1821.792507595486,
    1715.494873046875,
    1749.6025526258682,
    1698.4610645506118,
    6331.726969401042,
    1669.762932697932,
    2076.0790269639756,
    1689.021240234375,
    1625.7921856774224,
    2091.0516696506074,
    1688.2813941107856,
    1686.8515116373699,
    1596.5614791446262,
    1634.9004314011997,
    1624.5954064263237,
    1885.5366617838542,
    1507.543344285753,
    1579.2637642754448,
    10651.810994466146,
    1560.7687623765732,
    1526.6917989518906,
    1557.5071614583333,
    1643.421366373698,
    1752.1720648871528,
    1927.7713283962673,
    1626.4346245659722,
    1581.170522901747,
    1621.72902086046,
    1609.134769015842,
    1610.5283881293403,
    1477.3349122338825,
    1436.4096650017632,
    1505.6022644042969,
    1483.6360202365452,
    1461.402720981174,
    1535.5636901855469,
    1577.4722425672744,
    2350.4935540093315,
    1541.933874964714,
    2053.015367296007,
    1404.255692601204,
    1476.2915863725875,
    1527.0063137478298,
    1468.519169913398,
    1482.746452331543,
    1842.2203097873264,
    1430.883828057183,
    1461.2727612389458,
    1460.037858751085,
    1471.7079910702175,
    1787.2029215494792,
    1413.902581108941,
    1377.953703986274,
    1410.6466233995225,
    1452.8938785129124,
    1547.1416422526042,
    1319.8975546095107,
    2180.8797776963975,
    1413.9998508029514,
    1295.2373335096572,
    1327.839063856337,
    1360.0571187337239,
    1262.588648054335,
    1271.4019368489583
  ],