{
  "model": "Transformer",
  "test_r2": -2.2497366731553115,
  "test_rmse": 102.74778747558594,
  "test_mae": 90.57076263427734,
  "train_losses": [
    28572.889539930555,
    28179.258680555555,
    28954.963541666668,
    26481.72677951389,
    26837.088324652777,
    25693.089192708332,
    25716.110894097223,
    26520.463758680555,
    26385.42751736111,
    25689.8515625,
    44463.47113715278,
    24106.921223958332,
    22748.7568359375,
    25058.784288194445,
    26780.625868055555,
    22616.152777777777,
    24852.577690972223,
    25815.616102430555,
    23943.94140625,
    23947.616753472223,
    26367.83572048611,
    22995.906684027777,
    25205.256293402777,
    24034.834852430555,
    23774.599175347223,
    24130.018012152777,
    20992.458828396266,
    24281.891927083332,
    22483.432508680555,
    20652.718383789062,
    20524.378919813367,
    22547.37478298611,
    22356.836588541668,
    23453.33767361111,
    22555.58029513889,
    40632.762369791664,
    21906.17599826389,
    20150.665852864582,
    23415.56814236111,
    21092.73611111111,
    21640.4365234375,
    22464.064453125,
    21548.104817708332,
    21282.606119791668,
    20320.384765625,
    20004.838216145832,
    18844.664984809027,
    18107.402981228297,
    20783.997178819445,
    21661.93088107639,
    19067.188151041668,
    18834.87771267361,
    18045.88210720486,
    17665.98068576389,
    23315.533745659723,
    17296.620307074652,
    23262.882703993055,
    16779.982014973957,
    18424.966471354168,
    18334.71169704861,
    16439.14969889323,
    18084.386827256945,
    16779.607801649305,
    18764.946614583332,
    16166.017252604166,
    17791.743815104168,
    16819.599066840277,
    17702.361653645832,
    16771.87619357639,
    15588.384494357639,
    16669.53493923611,
    18477.815104166668,
    16463.565755208332,
    16454.177625868055,
    16203.117947048611,
    16577.96799045139,
    15253.986545138889,
    15088.953342013889,
    15553.5771484375,
    15997.335828993055,
    14309.146538628473,
    26776.92306857639,
    15506.113064236111,
    15794.582465277777,
    15254.035807291666,
    13650.785454644098,
    13855.44970703125,
    13296.478515625,
    13684.855523003473,
    15009.102213541666,
    13544.6826171875,
    14285.3740234375,
    14751.574544270834,
    14505.904947916666,
    13905.095486111111,
    12368.349631177054,
    13064.501844618055,
    14689.0703125,
    13747.909939236111,
    14762.496744791666,
    13264.174696180555,
    13450.354166666666,
    12028.817979600695,
    13588.079644097223,
    14483.9755859375,
    12863.239691840277,
    13265.673068576389,
    12400.084201388889,
    11365.681955973307,
    11374.615038765802,
    11957.639268663195,
    12271.717339409723,
    11495.235622829861,
    14968.521267361111,
    12877.797092013889,
    11595.389377170139,
    12748.272786458334,
    10964.069308810764,
    12610.087565104166,
    12236.147026909723,
    11512.653971354166,
    10559.19994269477,
    10546.800939136081,
    12011.997721354166,
    12046.502278645834,
    12516.8759765625,
    15070.182400173611,
    11798.296875,
    11648.838216145834,
    11132.76171875,
    10197.17975531684,
    12004.819878472223,
    11262.166015625,
    10104.568081325955,
    10158.42864312066,
    11834.870008680555,
    10938.460611979166,
    9819.051156044006,
    11348.371310763889,
    10394.282552083334,
    11045.494357638889,
    10321.298448350695,
    11296.927951388889,
    10505.459798177084,
    10740.125651041666,
    10877.24560546875,
    10157.2880859375,
    10767.268608940973,
    9836.948947482639,
    11272.779730902777,
    11540.344943576389,
    9579.510755750867,
    10987.217610677084,
    11756.182074652777,
    11706.093424479166,
    10234.657063802084,
    9517.932807074652,
    10735.0869140625,
    10361.602430555555,
    9461.967163085938,
    9449.992011176215,
    11347.904242621527,
    9719.545464409723,
    9945.509440104166,
    9236.15577867296,
    10758.609971788195,
    9860.394694010416,
    10567.514105902777,
    9378.593037923178,
    9941.810546875,
    10369.718207465277,
    9310.657918294271,
    9299.269154866537,
    9433.969889322916,
    9113.352935526105,
    9171.040412055121,
    9146.038614908854,
    10289.194661458334,
    9252.790150960287,
    10875.2177734375,
    11303.669650607639,
    11387.920355902777,
    9791.252115885416,
    9874.515787760416,
    10531.138129340277,
    9665.073947482639,
    9903.749457465277,
    10427.343478732639,
    10444.667643229166,
    10483.839735243055,
    9139.404512617322,
    10020.066134982639,
    10694.632595486111,
    9190.21962483724,
    10143.318305121527,
    9270.548556857639,
    10351.060112847223,
    9544.242296006945,
    10212.827039930555,
    10669.175238715277
  ],