{
  "target_mean": 139.24301450854756,
  "target_std": 86.3936162143048
}